"status","markdown_path","titulo_extraido","subtitulo_extraido","tags_extraidas","link"
"ok","data_exemplo_noticias\noticias_markdown\acao-conjunta-visa-garantir-protecao-ambiental-em-paranagua-045927d9.md","Ação conjunta visa garantir proteção ambiental em Paranaguá","Trata-se da décima primeira fase Operação Aifa","Paraná | Operação PF","https://www.gov.br/pf/pt-br/assuntos/noticias/2024/07/acao-conjunta-visa-garantir-protecao-ambiental-em-paranagua"
"ok","data_exemplo_noticias\noticias_markdown\em-acao-conjunta-pf-captura-foragido-e-apreende-diversas-armas-de-fogo-em-barreiras-b7d3767f.md","Em ação conjunta, PF captura foragido e apreende diversas armas de fogo em Barreiras","Na ação, foram apreendidas 11 armas – de uso permitido e restrito - além de carregadores e munições","Bahia | Operação PF","https://www.gov.br/pf/pt-br/assuntos/noticias/2025/05/em-acao-conjunta-pf-captura-foragido-e-apreende-diversas-armas-de-fogo-em-barreiras"
"ok","data_exemplo_noticias\noticias_markdown\ficco-ac-atua-contra-operadores-financeiros-de-grupo-criminoso-e2f9fef5.md","FICCO/AC atua contra operadores financeiros de grupo criminoso","Suspeitos operavam a partir de unidades prisionais e de cidades, como Rio Branco/AC, Sena Madureira/AC e Goianira/GO","Operação PF | FICCO | Organização criminosa | Acre","https://www.gov.br/pf/pt-br/assuntos/noticias/2026/04/ficco-ac-atua-contra-operadores-financeiros-de-grupo-criminoso"
"ok","data_exemplo_noticias\noticias_markdown\ficco-ce-combate-o-trafico-de-drogas-em-aquiraz-ce-dc9d0c8d.md","FICCO/CE combate o tráfico de drogas em Aquiraz/CE","Foram cumpridos três mandados de prisão preventiva e três de busca e apreensão nos municípios de Aquiraz (CE) e Mossoró (RN).","Operação PF | FICCO/CE | Ceará","https://www.gov.br/pf/pt-br/assuntos/noticias/2024/04/ficco-ce-combate-o-trafico-de-drogas-em-aquiraz-ce"
"ok","data_exemplo_noticias\noticias_markdown\ficco-df-deflagra-operacao-em-combate-ao-trafico-de-drogas-7235df99.md","FICCO/DF deflagra operação em combate ao tráfico de drogas","Estão sendo cumpridos dez mandados de busca e apreensão","Operação PF | Distrito Federal | Tráfico de drogas","https://www.gov.br/pf/pt-br/assuntos/noticias/2024/09/ficco-df-deflagra-operacao-em-combate-ao-trafico-de-drogas"
"ok","data_exemplo_noticias\noticias_markdown\ficco-df-deflagra-operacao-transarmamentista-contra-o-trafico-de-armas-e-lavagem-de-dinheiro-7ab9e230.md","FICCO/DF deflagra Operação Transarmamentista contra o tráfico de armas e lavagem de dinheiro","Foram executadas 23 ordens judiciais expedidas pela Justiça do Distrito Federal, que incluem 5 mandados de prisão preventiva e 18 mandados de busca e apreensão","Distrito Federal | Operação PF | Tráfico de armas | Destaque","https://www.gov.br/pf/pt-br/assuntos/noticias/2024/08/ficco-df-deflagra-operacao-transarmamentista-contra-o-trafico-de-armas-e-lavagem-de-dinheiro"
"ok","data_exemplo_noticias\noticias_markdown\ficco-es-reprime-organizacoes-criminosas-responsaveis-por-trafico-de-drogas-e-armas-a1fffa2d.md","FICCO/ES reprime organizações criminosas responsáveis por tráfico de drogas e armas","Estão sendo cumpridos seis mandados de busca e apreensão e seis mandados de prisão temporária","Operação PF | Esp´írito Santo | Tráfico de drogas e armas | Espírito Santo","https://www.gov.br/pf/pt-br/assuntos/noticias/2024/08/ficco-es-reprime-organizacoes-criminosas-responsaveis-por-trafico-de-drogas-e-armas"
"ok","data_exemplo_noticias\noticias_markdown\ficco-ilheus-apreende-11-kg-de-drogas-em-imovel-em-itabuna-6dc01638.md","FICCO/Ilhéus apreende 11 kg de drogas em imóvel em Itabuna","No local alvo da denúncia, as guarnições encontraram grande quantidade de entorpecentes, balança de precisão e materiais utilizados para o acondicionamento da droga","Bahia | Operação PF","https://www.gov.br/pf/pt-br/assuntos/noticias/2025/09/ficco-ilheus-apreende-11-kg-de-drogas-em-imovel-em-itabuna"
"ok","data_exemplo_noticias\noticias_markdown\ficco-ilheus-deflagra-operacao-em-combate-ao-trafico-de-drogas-no-sul-da-bahia-49d59151.md","FICCO/Ilhéus deflagra operação em combate ao tráfico de drogas no sul da Bahia","Foram cumpridos cinco mandados de busca e apreensão em Ibirapitanga/BA e em Ubatã/BA","Operação PF | Ilhéus | Bahia","https://www.gov.br/pf/pt-br/assuntos/noticias/2025/08/ficco-ilheus-deflagra-operacao-em-combate-ao-trafico-de-drogas-no-sul-da-bahia"
"ok","data_exemplo_noticias\noticias_markdown\ficco-ms-deflagra-operacao-contra-condenado-por-homicidio-em-bandeirantes-ms-4e8953a1.md","FICCO/MS deflagra operação contra condenado por homicídio em Bandeirantes/MS","Na ação, homem foi capturado em imóvel na zona rural","Operação PF | Mato Grosso do Sul | Homicídio","https://www.gov.br/pf/pt-br/assuntos/noticias/2024/08/ficco-ms-deflagra-operacao-contra-condenado-por-homicidio-em-bandeirantes-ms"
"ok","data_exemplo_noticias\noticias_markdown\ficco-mt-desarticula-faccao-criminosa-responsavel-por-lavagem-de-dinheiro-em-casas-de-shows-em-cuiaba-b792e9fc.md","FICCO/MT desarticula facção criminosa responsável por lavagem de dinheiro em casas de shows em Cuiabá","A ação conta com apoio do CIOPAER e do GAECO/MPMT,","Operação PF | facção criminosa | Mato Grosso","https://www.gov.br/pf/pt-br/assuntos/noticias/2024/06/ficco-mt-desarticula-faccao-criminosa-responsavel-por-lavagem-de-dinheiro-em-casas-de-shows-em-cuiaba"
"ok","data_exemplo_noticias\noticias_markdown\ficco-pa-prende-seis-pessoas-por-trafico-de-drogas-129ba8a6.md","FICCO/PA prende seis pessoas por tráfico de drogas","Alvos são suspeitos de fazer parte de organização criminosa","Pará | Operação PF","https://www.gov.br/pf/pt-br/assuntos/noticias/2024/08/ficco-pa-prende-seis-pessoas-por-trafico-de-drogas"
"ok","data_exemplo_noticias\noticias_markdown\ficco-rj-reprime-crimes-de-trafico-e-importacao-ilegal-de-armas-de-fogo-no-rio-de-janeiro-9c4c873f.md","FICCO/RJ reprime crimes de tráfico e importação ilegal de armas de fogo no Rio de Janeiro","Foram cumpridos quatro mandados de busca e apreensão na Zona Oeste","Operação PF | Rio de Janeiro | Tráfico e importação ilegal de armas de fogo","https://www.gov.br/pf/pt-br/assuntos/noticias/2024/06/ficco-rj-reprime-crimes-de-trafico-e-importacao-ilegal-de-armas-de-fogo-no-rio-de-janeiro"
"ok","data_exemplo_noticias\noticias_markdown\ficco-ro-deflagra-operacao-escarnio-contra-integrantes-de-organizacao-criminosa-bdb034ff.md","FICCO/RO deflagra Operação Escárnio contra integrantes de organização criminosa","Estão sendo investigados uma série de atentados contra órgãos públicos e agentes da segurança pública ocorridos no primeiro trimestre de 2025","Operação PF | Polícia Federal | Organização criminosa | Mandado de prisão temporária | Busca e apreensão | Rondônia","https://www.gov.br/pf/pt-br/assuntos/noticias/2025/06/ficco-ro-deflagra-operacao-escarnio-contra-integrantes-de-organizacao-criminosa"
"ok","data_exemplo_noticias\noticias_markdown\ficco-ro-faz-operacao-contra-grupo-especializado-em-furto-a-bancos-120cf142.md","FICCO/RO faz operação contra grupo especializado em furto a bancos","Foram cumpridos dez mandados de busca e apreensão","Rondônia | Operação PF | FICCO/RO","https://www.gov.br/pf/pt-br/assuntos/noticias/2024/11/ficco-ro-faz-operacao-contra-grupo-especializado-em-furto-a-bancos"
"ok","data_exemplo_noticias\noticias_markdown\ficco-rr-combate-faccao-criminosa-e-prende-duas-pessoas-em-flagrante-c3d1018f.md","FICCO/RR combate facção criminosa e prende seis pessoas","Na ação também foram cumpridos quatro mandados de prisão e três mandados de busca e apreensão.","Operação PF | facção criminosa | Roraima","https://www.gov.br/pf/pt-br/assuntos/noticias/2024/04/ficco-rr-combate-faccao-criminosa-e-prende-duas-pessoas-em-flagrante"
"ok","data_exemplo_noticias\noticias_markdown\ficco-rr-deflagra-operacao-contra-trafico-de-drogas-em-roraima-2a13b615.md","FICCO/RR deflagra operação contra tráfico de drogas em Roraima","Na ação foram cumpridos três mandados de prisão preventiva e um mandado de busca e apreensão","Operação PF | Polícia Federal | Tráfico de drogas | Apreensão | Roraima","https://www.gov.br/pf/pt-br/assuntos/noticias/2025/08/ficco-rr-deflagra-operacao-contra-trafico-de-drogas-em-roraima"
"ok","data_exemplo_noticias\noticias_markdown\operacao-apate-combate-desvios-de-recursos-publicos-federais-4ad1bf30.md","Operação Apate combate desvios de recursos públicos federais","PF investiga irregularidades da aplicação de recursos oriundos do FUNDEB pela Prefeitura de Aparecida/SP","Operação PF | Destaque | Fraude à licitação | Desvio de recursos | FUNDEB","https://www.gov.br/pf/pt-br/assuntos/noticias/2021/09/operacao-apate-combate-desvios-de-recursos-publicos-federais"
"ok","data_exemplo_noticias\noticias_markdown\operacao-artimanha-combate-crimes-de-estelionato-previdenciario-no-para-a3b24cfa.md","Operação Artimanha combate crimes de estelionato previdenciário no Pará","Grupo criminoso promovia fraudes contra o INSS, mediante criação de beneficiários fictícios de benefícios assistenciais","Operação PF | Destaque | Estelionato previdenciário","https://www.gov.br/pf/pt-br/assuntos/noticias/2021/09/operacao-artimanha-combate-crimes-de-estelionato-previdenciario-no-para"
"ok","data_exemplo_noticias\noticias_markdown\operacao-cartao-vermelho-2-combate-desvio-de-recursos-publicos-no-contexto-da-pandemia-de-covid-19-ba968a5d.md","Operação Cartão Vermelho 2 combate desvio de recursos públicos no contexto da pandemia de Covid-19","PF investiga atuação criminosa de servidores públicos, dirigentes de organização social, contratada para gestão do hospital de campanha, e empresários","Operação PF | Destaque | Desvio de recursos públicos | Hospital de campanha | Covid-19","https://www.gov.br/pf/pt-br/assuntos/noticias/2021/08/operacao-cartao-vermelho-2-combate-desvio-de-recursos-publicos-no-contexto-da-pandemia-de-covid-19"
"ok","data_exemplo_noticias\noticias_markdown\operacao-cartao-vermelho-combate-faccao-criminosa-na-regiao-de-santa-cruz-do-sul-rs-2349a452.md","Operação Cartão Vermelho combate facção criminosa na região de Santa Cruz do Sul/RS","PF investiga atuação de facção no tráfico de drogas na região. A ação tem o apoio da Polícia Civil e da Brigada Militar do Estado","Operação PF | RS | Tráfico de Drogas | facção criminosa | Destaque","https://www.gov.br/pf/pt-br/assuntos/noticias/2019/06/operacao-cartao-vermelho-combate-faccao-criminosa-na-regiao-de-santa-cruz-do-sul-rs"
"ok","data_exemplo_noticias\noticias_markdown\operacao-catira-combate-corrupcao-no-sistema-penitenciario-de-minas-gerais-e033155f.md","Operação Catira combate corrupção no sistema penitenciário de Minas Gerais","Estão sendo cumpridos 12 mandados de buscas e uma medida cautelar de afastamento de função pública de 7 investigados","Operação PF | Destaque | Peculato | Corrupção","https://www.gov.br/pf/pt-br/assuntos/noticias/2021/06/operacao-catira-combate-corrupcao-no-sistema-penitenciario-de-minas-gerais"
"ok","data_exemplo_noticias\noticias_markdown\operacao-contagium-investiga-desvio-de-verba-federal-para-o-combate-ao-covid-19-no-municipio-de-rorainopolis-rr-43a2eb7a.md","Operação Contagium investiga desvio de verba federal para o combate ao Covid-19 no Município de Rorainópolis/RR","Investigação aponta para a existência de um grupo político e um grupo empresarial dentro da organização criminosa","Operação PF | Destaque | Desvio de verba federal | Fraude à licitação","https://www.gov.br/pf/pt-br/assuntos/noticias/2021/08/operacao-contagium-investiga-desvio-de-verba-federal-para-o-combate-ao-covid-19-no-municipio-de-rorainopolis-rr"
"ok","data_exemplo_noticias\noticias_markdown\operacao-da-pf-investiga-empresa-de-energia-por-fraude-em-financiamento-b44bb671.md","Operação da PF investiga empresa de energia por fraude em financiamento","Durante as diligências, a Polícia Federal verificou que o endereço comercial da empresa acusada se encontrava abandonado e que os demais investigados não foram localizados em diversos endereços cadastrados","Polícia Federal | Operação PF | Rio Grande do Norte","https://www.gov.br/pf/pt-br/assuntos/noticias/2025/04/operacao-da-pf-investiga-empresa-de-energia-por-fraude-em-financiamento"
"ok","data_exemplo_noticias\noticias_markdown\operacao-descenso-desarticula-lideranca-de-faccao-criminosa-no-ma-73981fdf.md","Operação Descenso desarticula liderança de facção criminosa no MA","Ação integrada da FICCO/MA cumpre mandados em quatro municípios e mira integrantes da liderança da organização, com bloqueio de R$ 26 milhões e apreensão de bens","Operação PF | Polícia Federal | Maranhão","https://www.gov.br/pf/pt-br/assuntos/noticias/2025/06/operacao-descenso-desarticula-lideranca-de-faccao-criminosa-no-ma"
"ok","data_exemplo_noticias\noticias_markdown\operacao-ductil-ii-combate-desvios-de-recursos-publicos-destinados-a-aquisicao-de-materiais-usados-no-combate-a-pandemia-da-covid-19-3d39a47a.md","Operação Dúctil II combate desvios de recursos públicos destinados à aquisição de materiais usados no combate à pandemia da Covid-19","PF investiga esquema de fraudes em aquisições emergenciais de produtos hospitalares realizadas pela Secretaria de Saúde de Guarajá-Mirim/RO","Operação PF | Rondônia | Secretaria de Saúde | combate à covid-19 | pandemia | desvios de recursos públicos | fraudes contratuais | Polícia Federal","https://www.gov.br/pf/pt-br/assuntos/noticias/2020/07-noticias-de-julho-de-2020/operacao-ductil-ii-combate-desvios-de-recursos-publicos-destinados-a-aquisicao-de-materiais-usados-no-combate-a-pandemia-da-covid-19"
"ok","data_exemplo_noticias\noticias_markdown\operacao-facetas-investiga-fraudes-na-caixa-economica-em-alagoas-2fa8d755.md","Operação Facetas investiga fraudes na Caixa Econômica em Alagoas","PF desarticula grupo criminoso responsável pela aplicação de fraudes bancárias na Caixa","Operação PF | Destaque | AL | fraudes bancárias","https://www.gov.br/pf/pt-br/assuntos/noticias/2019/05/operacao-facetas-investiga-fraudes-na-caixa-economica-em-alagoas"
"ok","data_exemplo_noticias\noticias_markdown\operacao-falsario-combate-falsificacao-de-sinal-publico-1-e601d0a6.md","Operação Falsário combate falsificação de sinal público","Homem foi preso em flagrante","Operação PF | Destaque | Falsificação de sinal público","https://www.gov.br/pf/pt-br/assuntos/noticias/2019/10/operacao-falsario-combate-falsificacao-de-sinal-publico-1"
"ok","data_exemplo_noticias\noticias_markdown\operacao-feudo-desarticula-esquema-de-fraudes-em-ro-a87cb01b.md","Operação Feudo desarticula esquema de fraudes em RO","PF investiga desvio de recursos público em processos licitatórios do município de Ministro Andreazza/RO","Operação PF | Ministro Andreazza/RO | desvio de recursos públicos | Fraude à licitação | Destaque","https://www.gov.br/pf/pt-br/assuntos/noticias/2019/04/operacao-feudo-desarticula-esquema-de-fraudes-em-ro"
"ok","data_exemplo_noticias\noticias_markdown\operacao-garfos-desarticula-faccao-criminosa-que-atuava-dentro-e-fora-de-presidios-em-roraima-8224899a.md","Operação Garfos desarticula facção criminosa que atuava dentro e fora de presídios em Roraima","Grupo investigado é envolvido em tráfico de drogas e armamentos na região.","Operação PF | Boa Vista/RR | Roraima | tráfico de drogas | facção criminosa | presídio | Polícia Federal","https://www.gov.br/pf/pt-br/assuntos/noticias/2020/08-noticias-de-agosto-de-2020/operacao-garfos-desarticula-faccao-criminosa-que-atuava-dentro-e-fora-de-presidios-em-roraima"
"ok","data_exemplo_noticias\noticias_markdown\operacao-grilos-do-cerrado-investiga-fraudes-de-financiamento-rural-na-regiao-central-do-tocantins-ab57c8b2.md","Operação Grilos do Cerrado investiga fraudes de financiamento rural na região central do Tocantins","Investigado teria utilizado certidão de registro de imóvel falsa para fazer contratação de dois financiamentos rurais em um imóvel que não era de sua propriedade","Operação PF | Destaque | Fraude | Financiamento rural","https://www.gov.br/pf/pt-br/assuntos/noticias/2021/08/operacao-grilos-do-cerrado-investiga-fraudes-de-financiamento-rural-na-regiao-central-do-tocantins"
"ok","data_exemplo_noticias\noticias_markdown\operacao-ikatere-combate-a-pesca-ilegal-bdf54f71.md","Operação Ikatere combate a pesca ilegal","A ação tem como objetivo combater mundialmente crimes marítimos por meio do aprimoramento da cooperação interinstitucional","Operação PF | Pesca ilegal | Crimes marítimos","https://www.gov.br/pf/pt-br/assuntos/noticias/2021/09/operacao-ikatere-combate-a-pesca-ilegal"
"ok","data_exemplo_noticias\noticias_markdown\operacao-matrina-combate-irregularidades-na-concessao-do-beneficio-assistencial-bolsa-familia-no-acre-523d2d7d.md","Operação Matrina combate irregularidades na Concessão do Benefício Assistencial Bolsa Família no Acre","Fraude causou um prejuízo estimado de R$ 150 mil aos cofres públicos","Operação PF | Destaque | Fraude | Bolsa família","https://www.gov.br/pf/pt-br/assuntos/noticias/2021/07/operacao-matrina-combate-irregularidades-na-concessao-do-beneficio-assistencial-bolsa-familia-no-acre"
"ok","data_exemplo_noticias\noticias_markdown\operacao-monster-investiga-organizacao-criminosa-responsavel-por-comercializacao-de-moeda-falsa-db717780.md","Operação Monster investiga organização criminosa responsável por comercialização de moeda falsa","O comércio de moedas falsas era feito mediante o uso de mídias sociais","Operação PF | Destaque | Moeda falsa","https://www.gov.br/pf/pt-br/assuntos/noticias/2019/09/operacao-monster-investiga-organizacao-criminosa-responsavel-por-comercializacao-de-moeda-falsa"
"ok","data_exemplo_noticias\noticias_markdown\operacao-narcos-gold-combate-lavagem-de-dinheiro-oriundo-do-trafico-de-drogas-no-para-3e57a4da.md","Operação Narcos Gold combate lavagem de dinheiro oriundo do tráfico de drogas no Pará","Pessoas físicas e jurídicas investigadas, estabelecidas em vários estados da federação, teriam movimentado mais de R$ 1 bilhão no período de 2017 ao início de 2021","Operação PF | Destaque | Tráfico de drogas | Lavagem de dinheiro","https://www.gov.br/pf/pt-br/assuntos/noticias/2021/11/operacao-narcos-gold-combate-lavagem-de-dinheiro-oriundo-do-trafico-de-drogas-no-para"
"ok","data_exemplo_noticias\noticias_markdown\operacao-siriema-investiga-desmatamento-na-reserva-indigena-areoes-ead10438.md","Operação Siriema investiga desmatamento na Reserva Indígena Areões","No local, a PF encontrou acampamento de possíveis caçadores","Operação PF | Destaque | Desmatamento ilegal","https://www.gov.br/pf/pt-br/assuntos/noticias/2019/08/operacao-siriema-investiga-desmatamento-na-reserva-indigena-areoes"
"ok","data_exemplo_noticias\noticias_markdown\pf-apura-desvios-bancarios-que-geraram-prejuizos-a-caixa-economica-federal-a5e7dcf2.md","PF apura desvios bancários que geraram prejuízos à Caixa Econômica Federal","Foi dado cumprimento de afastamento preventivo da função pública contra empregado do banco","Operação PF | Fraude | CEF | Lajes SC","https://www.gov.br/pf/pt-br/assuntos/noticias/2022/10/pf-apura-desvios-bancarios-que-geraram-prejuizos-a-caixa-economica-federal"
"ok","data_exemplo_noticias\noticias_markdown\pf-apura-fraude-em-salario-maternidade-01e9a7d3.md","PF apura fraude em salário-maternidade","Cerca de 170 benefícios irregulares causaram prejuízo superior a R$ 800 mil","Operação PF | Pará | Fraudes","https://www.gov.br/pf/pt-br/assuntos/noticias/2024/09/pf-apura-fraude-em-salario-maternidade"
"ok","data_exemplo_noticias\noticias_markdown\pf-apura-fraudes-contra-o-inss-d53b0786.md","PF apura fraudes contra o INSS","Operação Custo Maior é decorrente de outra ação realizada em 2018","Operação PF | INSS | Campinas | Destaque","https://www.gov.br/pf/pt-br/assuntos/noticias/2022/06/pf-apura-fraudes-contra-o-inss"
"ok","data_exemplo_noticias\noticias_markdown\pf-apura-fraudes-em-procedimentos-licitatorios-de-compra-de-itens-alimenticios-em-sp-12b37066.md","PF apura fraudes em procedimentos licitatórios de compra de itens alimentícios em SP","Polícia Federal deflagra Operação Deméter – Fase 2, em Marília/SP.","Polícia Federal | Operação PF | São Paulo | fraudes em licitações | Destaque","https://www.gov.br/pf/pt-br/assuntos/noticias/2022/02/pf-apura-fraudes-em-procedimentos-licitatorios-de-compra-de-itens-alimenticios-em-sp"
"ok","data_exemplo_noticias\noticias_markdown\pf-apura-possivel-crime-eleitoral-em-riachao-do-dantas-se-551d415a.md","PF apura possível crime eleitoral em Riachão do Dantas/SE","Operação Jogo Duplo investiga suspeita de compra de voto","Sergipe | Operação PF","https://www.gov.br/pf/pt-br/assuntos/noticias/2024/12/pf-apura-possivel-crime-eleitoral-em-riachao-do-dantas-se"
"ok","data_exemplo_noticias\noticias_markdown\pf-deflagra-operacao-de-combate-ao-trafico-de-drogas-no-acre-044d8c99.md","PF atua contra tráfico de drogas no Acre","Operação Rota 364 cumpre dez mandados judiciais em três municípios do estado","Acre | Operação PF | Tráfico de droga | Cruzeiro do Sul | Mâncio Lima | Rodrigues Alves","https://www.gov.br/pf/pt-br/assuntos/noticias/2026/04/pf-deflagra-operacao-de-combate-ao-trafico-de-drogas-no-acre"
"ok","data_exemplo_noticias\noticias_markdown\pf-combate-abuso-sexual-infantil-na-internet-8f00692d.md","PF combate abuso sexual infantil na internet","Operação Arcanjo IX ocorreu em Itaboraí/RJ","Operação PF | Rio de Janeiro | Pornografia Infantil","https://www.gov.br/pf/pt-br/assuntos/noticias/2023/02/pf-combate-abuso-sexual-infantil-na-internet"
"ok","data_exemplo_noticias\noticias_markdown\pf-combate-abuso-sexual-infantil-por-meio-da-internet-no-es-c29bbca1.md","PF combate abuso sexual infantil por meio da internet no ES","Foi cumprido um mandado de prisão preventiva e um de busca e apreensão.","Operação PF | abuso sexual infantil | Espírito Santo","https://www.gov.br/pf/pt-br/assuntos/noticias/2024/05/pf-combate-abuso-sexual-infantil-por-meio-da-internet-no-es"
"ok","data_exemplo_noticias\noticias_markdown\pf-combate-abuso-sexual-infantojuvenil-em-pernambuco-31cba74a.md","PF combate abuso sexual infantojuvenil em Pernambuco","Foram cumpridos dois mandados de busca e apreensão e Jaboatão dos Guararapes","Pernambuco | Operação PF","https://www.gov.br/pf/pt-br/assuntos/noticias/2024/05/pf-combate-abuso-sexual-infantojuvenil-em-pernambuco"
"ok","data_exemplo_noticias\noticias_markdown\pf-combate-o-armazenamento-e-compartilhamento-de-conteudo-sexual-infantojuvenil-na-internet-f9e85a5c.md","PF combate abuso sexual infantojuvenil na internet","Foi cumprido um mandado de busca e apreensão em Fortaleza/CE","Operação PF | Ceará | Abuso sexual infantojuvenil","https://www.gov.br/pf/pt-br/assuntos/noticias/2024/08/pf-combate-o-armazenamento-e-compartilhamento-de-conteudo-sexual-infantojuvenil-na-internet"
"ok","data_exemplo_noticias\noticias_markdown\pf-combate-operacao-de-abuso-sexual-infantojuvenil-no-interior-do-ceara-f6efec27.md","PF combate abuso sexual infantojuvenil no interior do Ceará","Um homem foi preso preventivamente e pelo menos duas vítimas foram identificadas","Ceará | Operação PF | Abuso sexual | Infantojuvenil","https://www.gov.br/pf/pt-br/assuntos/noticias/2024/04/pf-combate-operacao-de-abuso-sexual-infantojuvenil-no-interior-do-ceara"
"ok","data_exemplo_noticias\noticias_markdown\pf-combate-abuso-sexual-infantojuvenil-no-piaui-1-8e3d1c01.md","PF combate abuso sexual infantojuvenil no Piauí","Operação Carcará 6 foi deflagrada na manhã desta terça-feira, 30/7","Piauí | Operação PF","https://www.gov.br/pf/pt-br/assuntos/noticias/2024/07/pf-combate-abuso-sexual-infantojuvenil-no-piaui-1"
"ok","data_exemplo_noticias\noticias_markdown\pf-combate-abuso-sexual-infantojuvenil-no-rio-grande-do-sul-b0c2249c.md","PF combate abuso sexual infantojuvenil no Rio Grande do Sul","Durante a ação, policiais federais apreenderam computadores e celulares que serão submetidos a análise pericial","Operação PF | Polícia Federal | Abuso sexual infantojuvenil | Busca e Apreensão | Rio Grande do Sul","https://www.gov.br/pf/pt-br/assuntos/noticias/2025/07/pf-combate-abuso-sexual-infantojuvenil-no-rio-grande-do-sul"
"ok","data_exemplo_noticias\noticias_markdown\pf-combate-abuso-sexual-infantojuvenil-pela-internet-96c5277b.md","PF combate abuso sexual infantojuvenil pela internet","Foi realizada uma prisão em flagrante e dois mandados de busca e apreensão foram cumpridos em João Pessoa/PB","Operação PF | Paraíba | Abuso sexual infantojuvenil","https://www.gov.br/pf/pt-br/assuntos/noticias/pf-combate-abuso-sexual-infantojuvenil-pela-internet"
"ok","data_exemplo_noticias\noticias_markdown\pf-combate-circulacao-de-moeda-falsa-em-congonhas-mg-0853a25d.md","PF combate circulação de moeda falsa em Congonhas/MG","Operação Argentum Profhetas investiga derrame de cédulas falsas na região mineira","Operação PF | Minas Gerais | Moeda falsa | falsificação de moeda","https://www.gov.br/pf/pt-br/assuntos/noticias/2020/07-noticias-de-julho-de-2020/pf-combate-circulacao-de-moeda-falsa-em-congonhas-mg"
"ok","data_exemplo_noticias\noticias_markdown\pf-combate-comercio-de-conteudo-sexual-infantojuvenil-no-interior-do-ceara-5572e8f7.md","PF combate comércio de conteúdo sexual infantojuvenil no interior do Ceará","Foram cumpridos dois mandados de busca e apreensão nos municípios de Acarape e Aracoiaba.","Operação PF | abuso sexual infantojuvenil | Ceará","https://www.gov.br/pf/pt-br/assuntos/noticias/2024/05/pf-combate-comercio-de-conteudo-sexual-infantojuvenil-no-interior-do-ceara"
"ok","data_exemplo_noticias\noticias_markdown\pf-combate-comercio-ilegal-de-equipamentos-eletronicos-por-meio-de-redes-sociais-89b327a1.md","PF combate comércio ilegal de equipamentos eletrônicos por meio de redes sociais","Grupo criminoso investigado utilizava redes sociais para revender ilegalmente produtos eletrônicos.","Operação PF | contrabando | comércio ilegal | Rio Grande do Sul","https://www.gov.br/pf/pt-br/assuntos/noticias/2024/02/pf-combate-comercio-ilegal-de-equipamentos-eletronicos-por-meio-de-redes-sociais"
"ok","data_exemplo_noticias\noticias_markdown\pf-combate-contrabando-de-cigarros-e-associacao-criminosa-6a4ca874.md","PF combate contrabando de cigarros e associação criminosa","Dentre os suspeitos, constam pessoas que já foram investigadas ou mesmo presas pela Polícia Federal em Mossoró pelo mesmo tipo de crime","Operação PF | Contrabando | Cigarros | RN","https://www.gov.br/pf/pt-br/assuntos/noticias/2022/08/pf-combate-contrabando-de-cigarros-e-associacao-criminosa"
"ok","data_exemplo_noticias\noticias_markdown\pf-combate-crime-contra-a-administracao-publica-f981d09c.md","PF combate crime contra a administração pública","Policiais Federais cumprem seis mandados judiciais de busca e apreensão","Operação PF | Goiás | Covid | Desvios","https://www.gov.br/pf/pt-br/assuntos/noticias/2023/03/pf-combate-crime-contra-a-administracao-publica"
"ok","data_exemplo_noticias\noticias_markdown\pf-combate-crime-de-reducao-a-condicao-analoga-a-de-escravo-325b99b7.md","PF combate crime de redução à condição análoga a de escravo","A ação ocorreu em fazendas nos municípios de Cachoeira do Ararí e Ponta de Pedras, na Ilha do Marajó, no Estado do Pará","Operação PF | Destaque | Trabalho escravo","https://www.gov.br/pf/pt-br/assuntos/noticias/2022/04/pf-combate-crime-de-reducao-a-condicao-analoga-a-de-escravo"
"ok","data_exemplo_noticias\noticias_markdown\pf-combate-crime-organizado-na-fronteira-com-a-guiana-francesa-59e18842.md","PF combate crime organizado na fronteira com a Guiana Francesa","Operação Quinino investiga grupo responsável pela prática de diversos crimes na região, como tráfico internacional de drogas, de armas e de pessoas","Operação PF | Destaque | Organização criminosa | Tráfico de drogas e armas | Tráfico de pessoas","https://www.gov.br/pf/pt-br/assuntos/noticias/2021/02/pf-combate-crime-organizado-na-fronteira-com-a-guiana-francesa"
"ok","data_exemplo_noticias\noticias_markdown\pf-combate-crime-organizado-no-acre-5d88a3fd.md","PF combate crime organizado no Acre","Operação Mater Criminis mira o tráfico internacional de drogas e a lavagem de dinheiro em Epitaciolândia e Brasiléia","Acre | Operação PF","https://www.gov.br/pf/pt-br/assuntos/noticias/2025/11/pf-combate-crime-organizado-no-acre"
"ok","data_exemplo_noticias\noticias_markdown\policia-federal-deflagra-a-operacao-para-reprimir-crimes-ambientais-lavagem-de-dinheiro-e-corrupcao-2432a74a.md","PF combate crimes ambientais, lavagem de dinheiro e corrupção","Operação Ojuara desarticula organização criminosa dedicada à prática de crimes ambientais","Destaque | Operação PF | Crime ambiental","https://www.gov.br/pf/pt-br/assuntos/noticias/2019/05/policia-federal-deflagra-a-operacao-para-reprimir-crimes-ambientais-lavagem-de-dinheiro-e-corrupcao"
"ok","data_exemplo_noticias\noticias_markdown\pf-combate-crimes-contra-o-sistema-financeiro-97eee37e.md","PF combate crimes contra o sistema financeiro","O alvo principal desta ação estaria envolvido em 80 contratos fraudulentos com prejuízo de mais de R$ 4 milhões a uma única instituição financeira","Operação PF | Rio Grande do Sul | Fraudes","https://www.gov.br/pf/pt-br/assuntos/noticias/2024/11/pf-combate-crimes-contra-o-sistema-financeiro"
"ok","data_exemplo_noticias\noticias_markdown\pf-combate-crimes-de-abuso-sexual-infantil-em-mato-grosso-do-sul-e69db734.md","PF combate crimes de abuso sexual infantil em Mato Grosso do Sul","Foi cumprido mandado de busca e apreensão em uma residência na cidade de Campo Grande/MS","Operação PF | Polícia Federal | Mato Grosso do Sul","https://www.gov.br/pf/pt-br/assuntos/noticias/2024/01/pf-combate-crimes-de-abuso-sexual-infantil-em-mato-grosso-do-sul"
"ok","data_exemplo_noticias\noticias_markdown\pf-combate-crimes-de-lavagem-de-capitais-e-organizacao-criminosa-dde2436b.md","PF combate crimes de lavagem de capitais e organização criminosa","Grupo movimentou mais de 230 milhões de reais usando comércio de redes e mantas como fachada.","PB | Operação PF | Lavagem de capitais | Destaque | Paraíba","https://www.gov.br/pf/pt-br/assuntos/noticias/2023/12/pf-combate-crimes-de-lavagem-de-capitais-e-organizacao-criminosa"
"ok","data_exemplo_noticias\noticias_markdown\pf-combate-desvios-de-recursos-publicos-em-uberaba-mg-ccb033b7.md","PF combate desvios de recursos públicos em Uberaba/MG","Operação Monturo desarticula esquema de desvios de recursos públicos da Prefeitura destinados à limpeza urbana","Operação PF | Uberaba/MG | Desvio de recursos públicos | prefeitura | Destaque | serviço de limpeza urbana","https://www.gov.br/pf/pt-br/assuntos/noticias/2020/05-noticias-de-maio/pf-combate-desvios-de-recursos-publicos-em-uberaba-mg"
"ok","data_exemplo_noticias\noticias_markdown\pf-combate-disseminacao-de-pornografia-com-conteudo-infantojuvenil-em-criciuma-sc-0b5bef18.md","PF combate disseminação de pornografia com conteúdo infantojuvenil em Criciúma/SC","Suspeito utilizava softwares para compartilhamento dos arquivos com usuários do mundo todo","Operação PF | Pornografia infantil","https://www.gov.br/pf/pt-br/assuntos/noticias/2020/10-noticias-de-outubro-de-2020/pf-combate-disseminacao-de-pornografia-com-conteudo-infantojuvenil-em-criciuma-sc"
"ok","data_exemplo_noticias\noticias_markdown\pf-combate-extracao-e-comercializacao-ilegal-de-madeiras-de-terras-indigenas-no-maranhao-a49408fd.md","PF combate extração e comercialização ilegal de madeiras de terras indígenas no Maranhão","Operação Kreepym-Katejê aponta esquema de extração ilegal de madeira","Maranhão | Operação PF | Terra indígena | Destaque","https://www.gov.br/pf/pt-br/assuntos/noticias/2024/03/pf-combate-extracao-e-comercializacao-ilegal-de-madeiras-de-terras-indigenas-no-maranhao"
"ok","data_exemplo_noticias\noticias_markdown\pf-combate-fraude-em-beneficio-previdenciario-20a9aa97.md","PF combate fraude em benefício previdenciário","Investigados se deslocavam do Maranhão a Goiás para receberem benefício","Goiás | Operação PF | Fraude INSS | Destaque","https://www.gov.br/pf/pt-br/assuntos/noticias/2024/03/pf-combate-fraude-em-beneficio-previdenciario"
"ok","data_exemplo_noticias\noticias_markdown\pf-combate-fraude-em-licitacoes-e-desvio-de-recursos-do-fundeb-no-rn-abc33324.md","PF combate fraude em licitações e desvio de recursos do FUNDEB no RN","Estão sendo cumpridos quatro mandados de busca e apreensão","Operação PF | Rio Grande do Norte | Fraudes | Rio Grande do Norte","https://www.gov.br/pf/pt-br/assuntos/noticias/2024/10/pf-combate-fraude-em-licitacoes-e-desvio-de-recursos-do-fundeb-no-rn"
"ok","data_exemplo_noticias\noticias_markdown\pf-combate-fraudes-bancarias-eletronicas-praticadas-contra-a-caixa-economica-federal-ccbf8f39.md","PF combate fraudes bancárias eletrônicas praticadas contra a Caixa Econômica Federal","São cumpridos mandados no interior de Alagoas","Alagoas | Operação PF","https://www.gov.br/pf/pt-br/assuntos/noticias/2024/12/pf-combate-fraudes-bancarias-eletronicas-praticadas-contra-a-caixa-economica-federal"
"ok","data_exemplo_noticias\noticias_markdown\pf-combate-fraudes-em-licitacoes-corrupcao-e-desvios-de-recursos-publicos-em-prefeitura-do-rn-14701167.md","PF combate fraudes em licitações, corrupção e desvios de recursos públicos em prefeitura do RN","Operação Guaraíras cumpre cinco mandados judiciais nas cidade de Natal e Vera Cruz/RN","Operação PF | Destaque | Fraude à licitação | Desvio de recursos públicos | Corrupção","https://www.gov.br/pf/pt-br/assuntos/noticias/2021/02/pf-combate-fraudes-em-licitacoes-corrupcao-e-desvios-de-recursos-publicos-em-prefeitura-do-rn"
"ok","data_exemplo_noticias\noticias_markdown\pf-combate-fraudes-envolvendo-recursos-federais-af2733a2.md","PF combate fraudes envolvendo recursos federais","Operação conjunta com a CGU cumpre 11 mandados em Pedreiras/MA","Operação PF | Orçamento Secreto | Destaque | Maranhão","https://www.gov.br/pf/pt-br/assuntos/noticias/2023/03/pf-combate-fraudes-envolvendo-recursos-federais"
"ok","data_exemplo_noticias\noticias_markdown\pf-combate-fraudes-no-auxilio-reclusao-bd291ada.md","PF combate fraudes no Auxílio-Reclusão","Durante a Operação Falsi Captivi, foram cumpridos cinco mandados de prisão e cinco mandados de busca e apreensão no Amazonas, em Minas Gerais e no Paraná","Amazonas | Operação PF | Fraude | Auxílio-Reclusão","https://www.gov.br/pf/pt-br/assuntos/noticias/2024/03/pf-combate-fraudes-no-auxilio-reclusao"
"ok","data_exemplo_noticias\noticias_markdown\pf-realiza-operacao-contra-furtos-a-caixas-eletronicos-f514a143.md","PF combate furtos a caixas eletrônicos em São Paulo","Operação Retentio cumpre mandados expedidos pela Justiça Federal de Piracicaba","Operação PF | Furtos | Caixa | São Paulo","https://www.gov.br/pf/pt-br/assuntos/noticias/2026/04/pf-realiza-operacao-contra-furtos-a-caixas-eletronicos"
"ok","data_exemplo_noticias\noticias_markdown\pf-combate-garimpo-ilegal-em-roraima-c437513f.md","PF combate garimpo ilegal em Roraima","Foram cumpridos dois mandados de busca e apreensão e sequestro de bens, com bloqueio superior a R$ 14 milhões","Operação PF | Roraima","https://www.gov.br/pf/pt-br/assuntos/noticias/2025/11/pf-combate-garimpo-ilegal-em-roraima"
"ok","data_exemplo_noticias\noticias_markdown\pf-combate-grupo-especializado-em-importacao-clandestina-de-baterias-estrangeiras-e-lavagem-de-dinheiro-5abca111.md","PF combate grupo especializado em importação clandestina de baterias estrangeiras e lavagem de dinheiro","Operação Plata y Plomo apura a internalização de mais de 950 toneladas de baterias e de sucatas de baterias introduzidas ilicitamente no Brasil","Operação PF | Polícia Federal | Rio Grande do Sul","https://www.gov.br/pf/pt-br/assuntos/noticias/2024/03/pf-combate-grupo-especializado-em-importacao-clandestina-de-baterias-estrangeiras-e-lavagem-de-dinheiro"
"ok","data_exemplo_noticias\noticias_markdown\pf-combate-importacao-ilegal-de-agrotoxicos-bf528e99.md","PF combate importação ilegal de agrotóxicos","Suspeita-se que os indivíduos envolvidos no crime possam estar utilizando da estrutura logística de empresa do ramo para acobertar a importação ilegal do produto","Operação PF | Mato Grosso | Agrotóxicos","https://www.gov.br/pf/pt-br/assuntos/noticias/2022/08/pf-combate-importacao-ilegal-de-agrotoxicos"
"ok","data_exemplo_noticias\noticias_markdown\pf-deflagra-operacao-riga-contra-invasao-cibernetica-e-fraudes-no-inss-eae8c61d.md","PF combate invasão cibernética e fraudes no INSS","Operação Riga cumpre três mandados contra esquema ilícito envolvendo sistemas da autarquia no DF","Distrito Federal | Operação PF | INSS | Fraude","https://www.gov.br/pf/pt-br/assuntos/noticias/2026/04/pf-deflagra-operacao-riga-contra-invasao-cibernetica-e-fraudes-no-inss"
"ok","data_exemplo_noticias\noticias_markdown\pf-combate-migracao-ilegal-em-mg-ccbf2985.md","PF combate migração ilegal em MG","Um morador de Itambacuri/MG desapareceu durante a travessia do México para os EUA.","MG | Operação PF | Migração Ilegal | Minas Gerais","https://www.gov.br/pf/pt-br/assuntos/noticias/2023/11/pf-combate-migracao-ilegal-em-mg"
"ok","data_exemplo_noticias\noticias_markdown\pf-combate-o-comercio-ilegal-de-madeira-em-rondonia-60d11784.md","PF combate o comércio ilegal de madeira em Rondônia","Operação Domain apura que, mesmo preso, um dos investigados continuava no controle da prática criminosa","Operação PF | Destaque | Crime ambiental","https://www.gov.br/pf/pt-br/assuntos/noticias/2020/06-noticias-de-junho-de-2020/pf-combate-o-comercio-ilegal-de-madeira-em-rondonia"
"ok","data_exemplo_noticias\noticias_markdown\pf-combate-o-trafico-de-drogas-e-a-lavagem-de-dinheiro-em-sergipe-2fab3e34.md","PF combate o tráfico de drogas e a lavagem de dinheiro em Sergipe","Operação Tropicana cumpre 4 ordens judiciais no dia da deflagração (29/1) e mais 6 mandados de busca e um de prisão nesta segunda-feira (1/2)","Operação PF | Destaque | Tráfico de drogas | Lavagem de dinheiro","https://www.gov.br/pf/pt-br/assuntos/noticias/2021/02/pf-combate-o-trafico-de-drogas-e-a-lavagem-de-dinheiro-em-sergipe"
"ok","data_exemplo_noticias\noticias_markdown\pf-combate-o-trafico-de-drogas-em-tres-estados-ea5735ae.md","PF combate o tráfico de drogas em três estados","Operação Paralelo 18/5 desarticula organização criminosa que transportava cocaína da fronteira com a Bolívia para o Nordeste do Brasil","Operação PF | Destaque | Tráfico de Drogas | Organização criminosa","https://www.gov.br/pf/pt-br/assuntos/noticias/2020/07-noticias-de-julho-de-2020/pf-combate-o-trafico-de-drogas-em-tres-estados"
"ok","data_exemplo_noticias\noticias_markdown\pf-combate-o-trafico-de-drogas-sinteticas-3246e3d0.md","PF combate o tráfico de drogas sintéticas","Operação Round II prende casal que remetia drogas via postal","Operação PF | Tráfico de Drogas | Palmas/TO | Goiânia/GO","https://www.gov.br/pf/pt-br/assuntos/noticias/2019/07/pf-combate-o-trafico-de-drogas-sinteticas"
"ok","data_exemplo_noticias\noticias_markdown\pf-combate-o-trafico-internacional-de-drogas-na-regiao-de-porto-esperidiao-mt-fronteira-do-brasil-7fc2bc6c.md","PF combate o tráfico internacional de drogas na região de Porto Esperidião/MT, fronteira do Brasil","No local das buscas, foram encontrados cerca de 46 kg de cocaína enterrados em um tambor","Operação PF | Destaque | Tráfico de drogas","https://www.gov.br/pf/pt-br/assuntos/noticias/2022/08/pf-combate-o-trafico-internacional-de-drogas-na-regiao-de-porto-esperidiao-mt-fronteira-do-brasil"
"ok","data_exemplo_noticias\noticias_markdown\pf-combate-organizacao-criminosa-cibernetica-em-tres-estados-brasileiros-f1e199dc.md","PF combate organização criminosa cibernética em três estados brasileiros","A ação destaca a importância da colaboração entre instituições para a proteção das instituições públicas e financeiras contra ataques dessa natureza","Paraná | Operação PF | Destaque | Desvios | CEF | Telêmaco Borba","https://www.gov.br/pf/pt-br/assuntos/noticias/2024/04/pf-combate-organizacao-criminosa-cibernetica-em-tres-estados-brasileiros"
"ok","data_exemplo_noticias\noticias_markdown\pf-deflagra-operacao-contra-organizacao-criminosa-de-trafico-de-animais-silvestres-a72df7cc.md","PF combate organização criminosa de tráfico de animais silvestres","Operação Extinção Zero cumpre 12 mandados de prisão e 22 de busca e apreensão em cinco estados","Bahia | Operação PF | Destaque","https://www.gov.br/pf/pt-br/assuntos/noticias/2026/03/pf-deflagra-operacao-contra-organizacao-criminosa-de-trafico-de-animais-silvestres"
"ok","data_exemplo_noticias\noticias_markdown\pf-combate-os-crimes-de-falsidade-ideologica-e-comercio-ilegal-de-municao-e-armamento-1-06840c7b.md","PF combate os crimes de falsidade ideológica e comércio ilegal de munição e armamento","Estão sendo cumpridos dois mandados de busca e apreensão em Imperatriz/MA","Operação PF | Maranhão | Falsidade ideológica | Comércio ilegal | Maranhão","https://www.gov.br/pf/pt-br/assuntos/noticias/2024/09/pf-combate-os-crimes-de-falsidade-ideologica-e-comercio-ilegal-de-municao-e-armamento-1"
"ok","data_exemplo_noticias\noticias_markdown\pf-combate-trafico-interestadual-de-drogas-e-lavagem-de-dinheiro-018febb7.md","PF combate tráfico interestadual de drogas e lavagem de dinheiro","Ação visa responsáveis por enviar do Norte do país, entorpecentes para Paraíba e região.","PB | Operação PF | Tráfico de drogas | Acre","https://www.gov.br/pf/pt-br/assuntos/noticias/2023/12/pf-combate-trafico-interestadual-de-drogas-e-lavagem-de-dinheiro"
"ok","data_exemplo_noticias\noticias_markdown\pf-combate-trafico-internacional-de-armas-1b19c81c.md","PF combate tráfico internacional de armas em Minas Gerais","Operação Scutum III cumpre 11 mandados de busca e apreensão e 2 de prisão temporária no Triângulo Mineiro","Minas Gerais | Operação PF | Uberlândia | Tráfico internacional de arma de fogo","https://www.gov.br/pf/pt-br/assuntos/noticias/2026/05/pf-combate-trafico-internacional-de-armas"
"ok","data_exemplo_noticias\noticias_markdown\pf-combate-trafico-internacional-de-drogas-em-rondonia-98d40b3e.md","PF combate tráfico internacional de drogas em Rondônia","Ação teve como objetivo o desmantelo de uma organização criminosa que se especializou no tráfico internacional de drogas","Rondônia | Operação PF","https://www.gov.br/pf/pt-br/assuntos/noticias/2025/02/pf-combate-trafico-internacional-de-drogas-em-rondonia"
"ok","data_exemplo_noticias\noticias_markdown\pf-combate-trafico-internacional-de-drogas-por-meio-dos-portos-9608e116.md","PF combate tráfico internacional de drogas por meio dos portos","Ação é realizada pela Superintendência Regional da Polícia Federal no Ceará, com repercussão em outros sete estados e no exterior","Ceará | Operação PF | Tráfico internacional de drogas | Portos | Destaque","https://www.gov.br/pf/pt-br/assuntos/noticias/2024/03/pf-combate-trafico-internacional-de-drogas-por-meio-dos-portos"
"ok","data_exemplo_noticias\noticias_markdown\pf-combate-violacao-a-direitos-autorais-bd6c7eb0.md","PF combate violação a direitos autorais","Operação Barba Negra III cumpre sete mandados judiciais no interior de São Paulo","Operação PF | Violação de direitos autorais","https://www.gov.br/pf/pt-br/assuntos/noticias/2019/11/pf-combate-violacao-a-direitos-autorais"
"ok","data_exemplo_noticias\noticias_markdown\pf-cumpre-10-mandados-de-busca-e-apreensao-contra-fraudes-bancarias-na-bahia-8324028c.md","PF cumpre 10 mandados de busca e apreensão contra fraudes bancárias na Bahia","Ações ocorreram em Salvador, em Camaçari, em Lauro de Freitas, em Paulo Afonso e em Itabuna","Bahia | Operação PF","https://www.gov.br/pf/pt-br/assuntos/noticias/2026/02/pf-cumpre-10-mandados-de-busca-e-apreensao-contra-fraudes-bancarias-na-bahia"
"ok","data_exemplo_noticias\noticias_markdown\pf-cumpre-30-mandados-em-repressao-ao-trafico-de-drogas-sinteticas-em-macapa-d40ed781.md","PF cumpre 30 mandados em repressão ao tráfico de drogas sintéticas em Macapá","Mais de 50 policias federais participam da ação","Operação PF | Polícia Federal | Amapá | Gaeco | PM/AP","https://www.gov.br/pf/pt-br/assuntos/noticias/2022/06/pf-cumpre-30-mandados-em-repressao-ao-trafico-de-drogas-sinteticas-em-macapa"
"ok","data_exemplo_noticias\noticias_markdown\pf-cumpre-mandado-de-busca-e-apreensao-em-salvador-ba-em-investigacao-contra-trafico-fc6b912f.md","PF cumpre mandado de busca e apreensão em Salvador/BA em investigação contra tráfico","A ação busca levantar dados, documentos e informações acerca de locatário de veículo apreendido com drogas em Ponta Porã/MS","Paraná | Operação PF | Mandado de busca | Salvador/BA","https://www.gov.br/pf/pt-br/assuntos/noticias/2024/07/pf-cumpre-mandado-de-busca-e-apreensao-em-salvador-ba-em-investigacao-contra-trafico"
"ok","data_exemplo_noticias\noticias_markdown\pf-cumpre-mandado-de-busca-e-apreensao-por-crime-de-abuso-infantojuvenil-2-1236bd63.md","PF cumpre mandado de busca e apreensão por crime de abuso infantojuvenil","Investigado armazenava material ilícito","Operação PF | Polícia Federal | Goiás","https://www.gov.br/pf/pt-br/assuntos/noticias/2025/06/pf-cumpre-mandado-de-busca-e-apreensao-por-crime-de-abuso-infantojuvenil-2"
"ok","data_exemplo_noticias\noticias_markdown\pf-cumpre-mandado-de-prisao-na-paraiba-2ec809ca.md","PF cumpre mandado de prisão na Paraíba","Mulher presa fora sentenciada pelos crimes de associação criminosa e peculato","Paraíba | Operação PF","https://www.gov.br/pf/pt-br/assuntos/noticias/2025/08/pf-cumpre-mandado-de-prisao-na-paraiba"
"ok","data_exemplo_noticias\noticias_markdown\pf-cumpre-mandados-contra-trafico-por-via-postal-5fe0b6df.md","PF cumpre mandados contra tráfico por via postal","Empregado dos Correios é suspeito de envolvimento","Espírito Santo | Operação PF | Tráfico","https://www.gov.br/pf/pt-br/assuntos/noticias/2024/01/pf-cumpre-mandados-contra-trafico-por-via-postal"
"ok","data_exemplo_noticias\noticias_markdown\pf-cumpre-mandados-de-busca-e-apreensao-contra-envolvidos-de-extracao-lavagem-e-venda-de-ouro-extraido-ilegalmente-2eed9e95.md","PF cumpre mandados de busca e apreensão contra envolvidos de extração, lavagem e venda de ouro extraído ilegalmente","Extração ilegal ocorreria em terra indígenas e unidades de conservação","Operação PF | Tocantins | Ouro ilegal","https://www.gov.br/pf/pt-br/assuntos/noticias/2023/02/pf-cumpre-mandados-de-busca-e-apreensao-contra-envolvidos-de-extracao-lavagem-e-venda-de-ouro-extraido-ilegalmente"
"ok","data_exemplo_noticias\noticias_markdown\pf-cumpre-mandados-em-repressao-a-pornografia-infantil-aa972c1a.md","PF cumpre mandados em repressão à pornografia infantil","Ação ocorre nas cidades amapaenses de Macapá e Santana","Operação PF | Amapá | Pornografia Infantil","https://www.gov.br/pf/pt-br/assuntos/noticias/2023/02/pf-cumpre-mandados-em-repressao-a-pornografia-infantil"
"ok","data_exemplo_noticias\noticias_markdown\pf-da-continuidade-ao-combate-de-fraudes-bancarias-ciberneticas-em-imperatriz-ma-cbc31953.md","PF dá continuidade ao combate de fraudes bancárias cibernéticas em Imperatriz/MA","Na Operação Laranja Eletrônica 2 foram cumpridos mandados de busca e apreensão contra investigados","Operação PF | Polícia Federal | Maranhão","https://www.gov.br/pf/pt-br/assuntos/noticias/2025/06/pf-da-continuidade-ao-combate-de-fraudes-bancarias-ciberneticas-em-imperatriz-ma"
"ok","data_exemplo_noticias\noticias_markdown\pf-deflagra-6a-fase-da-operacao-lesa-patria-para-identificar-participantes-dos-ataques-do-dia-8-1-ae906275.md","PF deflagra 6ª fase da Operação Lesa Pátria para identificar participantes dos ataques do dia 8/1","Policiais federais cumprem oito mandados de prisão preventiva e mandados de busca e apreensão em cinco estados do país","Operação PF | Lesa Pátria | Destaque","https://www.gov.br/pf/pt-br/assuntos/noticias/2023/02/pf-deflagra-6a-fase-da-operacao-lesa-patria-para-identificar-participantes-dos-ataques-do-dia-8-1"
"ok","data_exemplo_noticias\noticias_markdown\pf-deflagra-a-9a-fase-da-operacao-calvario-c3bf58c8.md","PF deflagra a 9ª fase da Operação Calvário","Estão sendo investigados ilícitos na contratação e na execução dos serviços realizados por organizações sociais responsáveis pela gestão de unidades da saúde e da educação no Estado da Paraíba","Operação PF | Destaque | Fraude à licitação | Desvio de verbas públicas | Lavagem de capitais","https://www.gov.br/pf/pt-br/assuntos/noticias/2020/10-noticias-de-outubro-de-2020/pf-deflagra-a-9a-fase-da-operacao-calvario"
"ok","data_exemplo_noticias\noticias_markdown\pf-deflagra-a-operacao-alfeu-v-para-retirar-garimpos-ilegais-de-terras-indigenas-em-mt-19c4c846.md","PF deflagra a Operação Alfeu V para retirar garimpos ilegais de terras indígenas em MT","Participaram da Operação a PRF, o Exército Brasileiro, o CIOPAER/MT e a Funai.","Polícia Federal | Operação PF | Mato Grosso | terras indígenas | povos indígenas | garimpo ilegal | Destaque","https://www.gov.br/pf/pt-br/assuntos/noticias/2022/03/pf-deflagra-a-operacao-alfeu-v-para-retirar-garimpos-ilegais-de-terras-indigenas-em-mt"
"ok","data_exemplo_noticias\noticias_markdown\pf-deflagra-a-operacao-dark-sharing-em-combate-ao-abuso-sexual-infantojuvenil-em-ro-6e292a25.md","PF deflagra a Operação Dark Sharing em combate ao abuso sexual infantojuvenil em RO","Foi cumprido um mandado de busca e apreensão em razão do crime de armazenamento e compartilhamento de imagens de exploração sexual infantojuvenil","Operação PF | Polícia Federal | Abuso sexual infantojuvenil | Mandado de busca e apreensão | Rondônia","https://www.gov.br/pf/pt-br/assuntos/noticias/2023/11/pf-deflagra-a-operacao-dark-sharing-em-combate-ao-abuso-sexual-infantojuvenil-em-ro"
"ok","data_exemplo_noticias\noticias_markdown\pf-deflagra-a-operacao-face-off-contra-fraudadores-de-contas-vinculadas-a-plataforma-gov-br-c70adc82.md","PF deflagra a operação Face Off contra fraudadores de contas vinculadas à Plataforma GOV.BR","Estão sendo cumpridos cinco mandados de prisão temporária e 16 mandados de busca e apreensão, expedidos pela Justiça Federal de Brasília, em nove estados","Polícia Federal | Operação PF | Distrito Federal","https://www.gov.br/pf/pt-br/assuntos/noticias/2025/05/pf-deflagra-a-operacao-face-off-contra-fraudadores-de-contas-vinculadas-a-plataforma-gov.br"
"ok","data_exemplo_noticias\noticias_markdown\pf-deflagra-a-segunda-fase-da-operacao-bartimeu-3484b96e.md","PF deflagra a segunda fase da Operação Bartimeu","Os contratos investigados nesta fase da Operação giram em torno de R$ 1,7 milhão","Operação PF | Destaque | Lavagem de dinheiro | Corrupção","https://www.gov.br/pf/pt-br/assuntos/noticias/2022/09/pf-deflagra-a-segunda-fase-da-operacao-bartimeu"
"ok","data_exemplo_noticias\noticias_markdown\pf-deflagra-a-segunda-fase-da-operacao-contrafacao-em-niteroi-rj-5bf3b90d.md","PF deflagra a segunda fase da Operação Contrafação em Niterói/RJ","Um homem, que portava moeda falsa, foi preso em flagrante","Operação PF | Moeda falsa","https://www.gov.br/pf/pt-br/assuntos/noticias/2021/04/pf-deflagra-a-segunda-fase-da-operacao-contrafacao-em-niteroi-rj"
"ok","data_exemplo_noticias\noticias_markdown\pf-deflagra-a-segunda-fase-da-operacao-encilhamento-ab1eb169.md","PF deflagra a segunda fase da Operação Encilhamento","Os mandados de hoje visam colher provas da ação do grupo criminoso sobre aplicações de recursos do Instituto de Previdência de Pouso Alegre – IPREM, no período de 2012 a 2018","Operação PF | Destaque | Fraude | Instituto de Previdência","https://www.gov.br/pf/pt-br/assuntos/noticias/2021/10/pf-deflagra-a-segunda-fase-da-operacao-encilhamento"
"ok","data_exemplo_noticias\noticias_markdown\pf-deflagra-duas-operacoes-contra-crimes-de-abuso-sexual-infantojuvenil-em-pernambuco-608bde19.md","PF deflagra duas operações contra crimes de abuso sexual infantojuvenil em Pernambuco","Três mandados de busca e apreensão estão sendo cumpridos em Ipojuca, Cabo de Santo Agostinho e Gravatá","Operação PF | Polícia Federal | Abuso sexual infantojuvenil | Pernambuco","https://www.gov.br/pf/pt-br/assuntos/noticias/2025/12/pf-deflagra-duas-operacoes-contra-crimes-de-abuso-sexual-infantojuvenil-em-pernambuco"
"ok","data_exemplo_noticias\noticias_markdown\pf-deflagra-no-para-operacao-para-combater-crimes-de-abusos-sexuais-contra-criancas-584bb226.md","PF deflagra no Pará Operação para combater crimes de abusos sexuais contra crianças","Operação Atrocitas: PF prende envolvido que teria cometido estupros contra crianças e registrado as cenas.","Operação PF | Polícia Federal | Destaque | Pará","https://www.gov.br/pf/pt-br/assuntos/noticias/2021/04/pf-deflagra-no-para-operacao-para-combater-crimes-de-abusos-sexuais-contra-criancas"
"ok","data_exemplo_noticias\noticias_markdown\pf-deflagra-operacao-armadeira-2-no-rio-de-janeiro-902c54db.md","PF deflagra Operação ARMADEIRA 2 no Rio de Janeiro","Estão sendo cumpridas 46 mandados de busca na capital e nas cidades de Nova Iguaçu, Niterói, Silva Jardim e Teresópolis","Operação PF | Destaque | Corrupção | Lavagem de dinheiro | Organização criminosa","https://www.gov.br/pf/pt-br/assuntos/noticias/2020/11-noticias-de-novembro-de-2020/pf-deflagra-operacao-armadeira-2-no-rio-de-janeiro"
"ok","data_exemplo_noticias\noticias_markdown\pf-deflagra-operacao-caos-contra-fraudes-bancarias-58b308dd.md","PF deflagra Operação Caos contra fraudes bancárias","As investigações tiveram início após a denúncia de uma vítima que descobriu a abertura indevida de conta bancária em seu nome, com a contratação fraudulenta de produtos de crédito que somavam mais de R$ 64 mil","Operação PF | Polícia Federal | Rio de Janeiro","https://www.gov.br/pf/pt-br/assuntos/noticias/2025/05/pf-deflagra-operacao-caos-contra-fraudes-bancarias"
"ok","data_exemplo_noticias\noticias_markdown\pf-deflagra-operacao-contra-abuso-sexual-infantojuvenil-em-arroio-grande-rs-865d478c.md","PF deflagra operação contra abuso sexual infantojuvenil em Arroio Grande/RS","Foram cumpridos dois mandados de busca e apreensão com a finalidade de coibir este crime previsto no Estatuto da Criança e do Adolescente","Rio Grande do Sul | Operação PF","https://www.gov.br/pf/pt-br/assuntos/noticias/2024/11/pf-deflagra-operacao-contra-abuso-sexual-infantojuvenil-em-arroio-grande-rs"
"ok","data_exemplo_noticias\noticias_markdown\pf-deflagra-operacao-contra-abuso-sexual-infantojuvenil-no-sul-fluminense-32adbbb7.md","PF deflagra operação contra abuso sexual infantojuvenil no Sul Fluminense","Mandado de busca e apreensão foi cumprido na residência de investigado em Volta Redonda/RJ.","Operação PF | abuso sexual infantil | Rio de Janeiro","https://www.gov.br/pf/pt-br/assuntos/noticias/2025/07/pf-deflagra-operacao-contra-abuso-sexual-infantojuvenil-no-sul-fluminense"
"ok","data_exemplo_noticias\noticias_markdown\pf-deflagra-operacao-contra-compra-e-venda-de-moeda-falsa-em-maceio-36f6b769.md","PF deflagra operação contra compra e venda de moeda falsa em Maceió","Ação apura envio de cédulas falsificadas pelos Correios","Polícia Federal | Operação PF | Alagoas","https://www.gov.br/pf/pt-br/assuntos/noticias/2025/10/pf-deflagra-operacao-contra-compra-e-venda-de-moeda-falsa-em-maceio"
"ok","data_exemplo_noticias\noticias_markdown\pf-deflagra-operacao-contra-crimes-de-abuso-sexual-infantil-e1b8818f.md","PF deflagra operação contra crimes de abuso sexual infantil","Mandados foram cumpridos no Rio Grande do Norte, Paraíba e Ceará","Operação PF | Rio Grande do Norte","https://www.gov.br/pf/pt-br/assuntos/noticias/2025/10/pf-deflagra-operacao-contra-crimes-de-abuso-sexual-infantil"
"ok","data_exemplo_noticias\noticias_markdown\pf-deflagra-operacao-contra-crimes-de-abuso-sexual-infantil-no-rio-grande-do-norte-516fd9cc.md","PF deflagra operação contra crimes de abuso sexual infantil no Rio Grande do Norte","A operação investiga a produção, armazenamento e compartilhamento de imagens de abuso sexual envolvendo crianças e adolescentes","Operação PF | Polícia Federal | Rio Grande do Norte","https://www.gov.br/pf/pt-br/assuntos/noticias/2025/06/pf-deflagra-operacao-contra-crimes-de-abuso-sexual-infantil-no-rio-grande-do-norte"
"ok","data_exemplo_noticias\noticias_markdown\pf-deflagra-operacao-contra-crimes-ambientais-80a2c438.md","PF deflagra operação contra extração mineral ilegal em MG","Estão sendo cumpridos 18 mandados de busca e apreensão em MG","Operação PF | Minas Gerais | Crimes ambientais","https://www.gov.br/pf/pt-br/assuntos/noticias/2024/09/pf-deflagra-operacao-contra-crimes-ambientais"
"ok","data_exemplo_noticias\noticias_markdown\pf-deflagra-operacao-contra-fabricacao-e-distribuicao-de-cedulas-falsas-fdf31d99.md","PF deflagra operação contra fabricação e distribuição de cédulas falsas","Suspeitos estariam fabricando e distribuindo cédulas falsas por todo o território nacional","São Paulo | Operação PF","https://www.gov.br/pf/pt-br/assuntos/noticias/2026/01/pf-deflagra-operacao-contra-fabricacao-e-distribuicao-de-cedulas-falsas"
"ok","data_exemplo_noticias\noticias_markdown\pf-deflagra-operacao-contra-fabricacao-e-distribuicao-de-cedulas-falsas-73427533.md","PF deflagra operação contra fabricação e distribuição de cédulas falsas","Ação investiga suspeito responsável por mais de 80 envios de dinheiro falso para todo o país","Operação PF | São Paulo","https://www.gov.br/pf/pt-br/assuntos/noticias/2025/10/pf-deflagra-operacao-contra-fabricacao-e-distribuicao-de-cedulas-falsas"
"ok","data_exemplo_noticias\noticias_markdown\pf-deflagra-operacao-contra-fraudes-bancarias-eletronicas-1ce4fe46.md","PF deflagra operação contra fraudes bancárias eletrônicas","Operação Citrus apura uso de interpostas pessoas para pulverização de valores obtidos mediante golpes virtuais","Operação PF | Fraudes bancárias | Rio Grande do Norte","https://www.gov.br/pf/pt-br/assuntos/noticias/2026/02/pf-deflagra-operacao-contra-fraudes-bancarias-eletronicas"
"ok","data_exemplo_noticias\noticias_markdown\pf-deflagra-operacao-contra-fraudes-bancarias-eletronicas-e-lavagem-de-dinheiro-com-criptoativos-36cf80ae.md","PF deflagra operação contra fraudes bancárias eletrônicas e lavagem de dinheiro com criptoativos","Foram cumpridos dois mandados de prisão temporária e cinco mandados de busca e apreensão, nos estados de Goiás e Pará, com apreensão de 5,5 milhões em criptoativos","Operação PF | fraudes bancárias | criptoativos | Destaque | Distrito Federal","https://www.gov.br/pf/pt-br/assuntos/noticias/2025/07/pf-deflagra-operacao-contra-fraudes-bancarias-eletronicas-e-lavagem-de-dinheiro-com-criptoativos"
"ok","data_exemplo_noticias\noticias_markdown\pf-deflagra-operacao-contra-fraudes-bancarias-em-joinville-sc-efdc85e8.md","PF deflagra operação contra fraudes bancárias em Joinville/SC","Operação Camaleão investiga golpes que ultrapassam R$ 800 mil","Operação PF | Santa Catarina","https://www.gov.br/pf/pt-br/assuntos/noticias/2025/09/pf-deflagra-operacao-contra-fraudes-bancarias-em-joinville-sc"
"ok","data_exemplo_noticias\noticias_markdown\pf-deflagra-operacao-contra-fraudes-em-financiamentos-habitacionais-em-santa-catarina-2e475e64.md","PF deflagra operação contra fraudes em financiamentos habitacionais em Santa Catarina","A operação visa ainda a identificação de outras possíveis pessoas ligadas ao esquema criminoso e o levantamento de outras tentativas de fraudes realizadas pelo grupo investigado","Santa Catarina | Operação PF","https://www.gov.br/pf/pt-br/assuntos/noticias/2024/12/pf-deflagra-operacao-contra-fraudes-em-financiamentos-habitacionais-em-santa-catarina"
"ok","data_exemplo_noticias\noticias_markdown\pf-deflagra-operacao-contra-fraudes-previdenciarias-8487c3fb.md","PF deflagra operação contra fraudes previdenciárias","Foi cumprido um mandado de busca e apreensão expedido pela Justiça federal na residência de um técnico do trabalho suspeito da prática do crime","Espírito Santo | Operação PF","https://www.gov.br/pf/pt-br/assuntos/noticias/2025/07/pf-deflagra-operacao-contra-fraudes-previdenciarias"
"ok","data_exemplo_noticias\noticias_markdown\pf-deflagra-operacao-contra-grupo-criminoso-que-financiava-o-trafico-de-drogas-no-distrito-federal-e33a762a.md","PF deflagra operação contra grupo criminoso que financiava o tráfico de drogas no Distrito Federal","Mandados de prisão, busca e apreensão e bloqueio de R$ 8 milhões estão sendo cumpridos em diversos estados","Distrito Federal | Operação PF","https://www.gov.br/pf/pt-br/assuntos/noticias/2025/08/pf-deflagra-operacao-contra-grupo-criminoso-que-financiava-o-trafico-de-drogas-no-distrito-federal"
"ok","data_exemplo_noticias\noticias_markdown\pf-deflagra-operacao-contra-grupo-que-desviava-objetos-postais-8843da33.md","PF deflagra operação contra grupo que desviava objetos postais","Foram cumpridos um mandado de prisão preventiva e cinco mandados de busca e apreensão, nas cidades do Recife/PE, Carpina/PE e Salgueiro/PE","Bahia | Operação PF","https://www.gov.br/pf/pt-br/assuntos/noticias/2024/12/pf-deflagra-operacao-contra-grupo-que-desviava-objetos-postais"
"ok","data_exemplo_noticias\noticias_markdown\pf-deflagra-operacao-contra-lavagem-de-dinheiro-e-fraudes-bancarias-be09b392.md","PF deflagra operação contra lavagem de dinheiro e fraudes bancárias","Um mandado de prisão preventiva foi cumprido","São Paulo | Operação PF","https://www.gov.br/pf/pt-br/assuntos/noticias/2024/12/pf-deflagra-operacao-contra-lavagem-de-dinheiro-e-fraudes-bancarias"
"ok","data_exemplo_noticias\noticias_markdown\pf-deflagra-operacao-contra-madeireiras-ilegais-localizadas-nos-municipios-de-buriticupu-e-bom-jesus-das-selvas-ma-2708320e.md","PF deflagra operação contra madeireiras ilegais localizadas nos municípios de Buriticupu e Bom Jesus das Selvas/MA","Foram inutilizados 12 motores de serrarias e um caminhão carregado de madeira serrada na hora da abordagem","Maranhão | Operação PF | Destaque","https://www.gov.br/pf/pt-br/assuntos/noticias/2024/07/pf-deflagra-operacao-contra-madeireiras-ilegais-localizadas-nos-municipios-de-buriticupu-e-bom-jesus-das-selvas-ma"
"ok","data_exemplo_noticias\noticias_markdown\pf-deflagra-operacao-contra-o-trafico-de-drogas-transnacional-e-interestadual-em-mato-grosso-0cad764d.md","PF deflagra operação contra o tráfico de drogas transnacional e interestadual em Mato Grosso","O inquérito policial teve início a partir da prisão de indivíduo encontrado com 60 kg de entorpecentes, além de insumos, arma de fogo e munições","Operação PF | Cáceres | Mato Grosso","https://www.gov.br/pf/pt-br/assuntos/noticias/2025/09/pf-deflagra-operacao-contra-o-trafico-de-drogas-transnacional-e-interestadual-em-mato-grosso"
"ok","data_exemplo_noticias\noticias_markdown\pf-deflagra-operacao-contra-o-trafico-internacional-de-drogas-em-goias-c494e6ae.md","PF deflagra operação contra o tráfico internacional de drogas em Goiás","Operação Rastro Registrado I cumpre mandado de busca e apreensão em imóvel da capital goiana","Operação PF | Goiânia | Goiás","https://www.gov.br/pf/pt-br/assuntos/noticias/2025/09/pf-deflagra-operacao-contra-o-trafico-internacional-de-drogas-em-goias"
"ok","data_exemplo_noticias\noticias_markdown\pf-deflagra-operacao-contra-o-trafico-internacional-de-drogas-no-parana-bedfa80b.md","PF deflagra operação contra o tráfico internacional de drogas no Paraná","Operação Asa Branca cumpre dois mandados de busca e apreensão em Biguaçu/SC e Florianópolis/SC","Operação PF | Curitiba | Paraná","https://www.gov.br/pf/pt-br/assuntos/noticias/2025/09/pf-deflagra-operacao-contra-o-trafico-internacional-de-drogas-no-parana"
"ok","data_exemplo_noticias\noticias_markdown\pf-deflagra-operacao-contra-o-trafico-internacional-de-drogas-pelo-porto-de-paranagua-045a3fb2.md","PF deflagra operação contra o tráfico internacional de drogas pelo Porto de Paranaguá","Os investigados eram responsáveis pela remessa clandestina de drogas para o exterior, em contêineres preparados para exportação","Operação PF | Destaque | Tráfico internacional de drogas","https://www.gov.br/pf/pt-br/assuntos/noticias/2021/05/pf-deflagra-operacao-contra-o-trafico-internacional-de-drogas-pelo-porto-de-paranagua"
"ok","data_exemplo_noticias\noticias_markdown\pf-deflagrada-operacao-contra-suspeito-de-crimes-de-abuso-sexual-infantojuvenil-9ba4a1ae.md","PF deflagra operação contra suspeito de crimes de abuso sexual infantojuvenil","Durante ação, homem foi preso em flagrante","Rio Grande do Sul | Operação PF","https://www.gov.br/pf/pt-br/assuntos/noticias/2025/01/pf-deflagrada-operacao-contra-suspeito-de-crimes-de-abuso-sexual-infantojuvenil"
"ok","data_exemplo_noticias\noticias_markdown\pf-deflagra-operacao-contra-trafico-internacional-de-drogas-no-para-3d715f70.md","PF deflagra operação contra tráfico internacional de drogas no Pará","As investigações foram iniciadas a partir da apreensão de carga de droga encontrada em um compartimento do casco de um navio graneleiro.","Operação PF | Polícia Federal | Destaque | tráfico de drogas | Pará","https://www.gov.br/pf/pt-br/assuntos/noticias/2021/08/pf-deflagra-operacao-contra-trafico-internacional-de-drogas-no-para"
"ok","data_exemplo_noticias\noticias_markdown\pf-deflagra-operacao-de-combate-a-crimes-ambientais-no-litoral-do-parana-39a11bab.md","PF deflagra operação de combate a crimes ambientais no litoral do Paraná","Duas pessoas foram presas em flagrante em Paranaguá","Operação PF | Destaque | Crimes ambientais","https://www.gov.br/pf/pt-br/assuntos/noticias/2021/04/pf-deflagra-operacao-de-combate-a-crimes-ambientais-no-litoral-do-parana"
"ok","data_exemplo_noticias\noticias_markdown\pf-deflagra-operacao-de-combate-a-crimes-contra-o-meio-ambiente-no-parana-fe6929fd.md","PF deflagra operação de combate a crimes contra o meio ambiente no Paraná","Após análise de imagens de satélite de alta resolução obtidas pela constelação PlanetScope, PF investiga crimes ambientais detectados na região metropolitana de Curitiba, no Paraná.","Operação PF | Polícia Federal | Destaque | Paraná | crimes ambientais","https://www.gov.br/pf/pt-br/assuntos/noticias/2021/10/pf-deflagra-operacao-de-combate-a-crimes-contra-o-meio-ambiente-no-parana"
"ok","data_exemplo_noticias\noticias_markdown\pf-deflagra-operacao-de-combate-a-desvios-de-recursos-da-saude-ecd6d393.md","PF deflagra operação de combate a desvios de recursos da Saúde","A investigação apura o desvio de recursos públicos a partir de contrato firmado entre a Santa Casa de Misericórdia e uma organização social responsável pela gestão do hospital durante o período de maio a novembro de 2019.","Operação PF | Destaque | Rio Grande do Sul | desvios de recursos públicos | Polícia Federal","https://www.gov.br/pf/pt-br/assuntos/noticias/2020/09-Noticias-de-setembro-de-2020/pf-deflagra-operacao-de-combate-a-desvios-de-recursos-da-saude"
"ok","data_exemplo_noticias\noticias_markdown\pf-deflagra-operacao-de-combate-a-pornografia-infantil-na-internet-72c0c170.md","PF deflagra operação de combate à pornografia infantil na internet","PF deflagra terceira fase da Operação Ponto a Ponto, em Alagoas, e investiga crimes de armazenamento e distribuição de imagens de crianças e adolescentes na rede mundial de computadores","Operação PF | Alagoas | Crimes Cibernéticos | Pornografia infantil","https://www.gov.br/pf/pt-br/assuntos/noticias/2020/01/pf-deflagra-operacao-de-combate-a-pornografia-infantil-na-internet"
"ok","data_exemplo_noticias\noticias_markdown\pf-deflagra-operacao-de-combate-ao-abuso-sexual-infantil-e-prende-suspeito-em-flagrante-eed14c93.md","PF deflagra operação de combate ao abuso sexual infantil e prende suspeito em flagrante","Foi cumprido um mandado de busca e apreensão na residência do investigado","Operação PF | Rondônia | Abuso Infantil | Internet","https://www.gov.br/pf/pt-br/assuntos/noticias/2023/03/pf-deflagra-operacao-de-combate-ao-abuso-sexual-infantil-e-prende-suspeito-em-flagrante"
"ok","data_exemplo_noticias\noticias_markdown\pf-deflagra-operacao-de-combate-ao-abuso-sexual-infantojuvenil-9c5c51d4.md","PF deflagra operação de combate ao abuso sexual infantojuvenil","Foram cumpridos seis mandados de busca e apreensão e um mandado de prisão preventiva","Operação PF | Santa Catarina","https://www.gov.br/pf/pt-br/assuntos/noticias/2025/11/pf-deflagra-operacao-de-combate-ao-abuso-sexual-infantojuvenil"
"ok","data_exemplo_noticias\noticias_markdown\pf-deflagra-operacao-de-combate-ao-abuso-sexual-infantojuvenil-33b57d3c.md","PF deflagra operação de combate ao abuso sexual infantojuvenil","Ação visa investigar crimes de abuso sexual infantil praticados pela internet","Polícia Federal | Operação PF | Paraíba","https://www.gov.br/pf/pt-br/assuntos/noticias/2024/10/pf-deflagra-operacao-de-combate-ao-abuso-sexual-infantojuvenil"
"ok","data_exemplo_noticias\noticias_markdown\pf-deflagra-operacao-de-fiscalizacao-de-produtos-quimicos-em-minas-gerais-c4b09f24.md","PF deflagra operação de fiscalização de produtos químicos em Minas Gerais","Dezenas de estabelecimentos foram fiscalizados, com foco no cumprimento das normas legais e na prevenção de desvios","Operação PF | Polícia Federal | Fiscalização | Minas Gerais","https://www.gov.br/pf/pt-br/assuntos/noticias/2025/09/pf-deflagra-operacao-de-fiscalizacao-de-produtos-quimicos-em-minas-gerais"
"ok","data_exemplo_noticias\noticias_markdown\pf-deflagra-operacao-duplo-x-visando-desarticular-organizacao-criminosa-ffab0ff4.md","PF deflagra operação Duplo X visando desarticular organização criminosa","Grupo investigado movimentou mais de R$ 70 milhões","Pernambuco | Operação PF","https://www.gov.br/pf/pt-br/assuntos/noticias/2024/07/pf-deflagra-operacao-duplo-x-visando-desarticular-organizacao-criminosa"
"ok","data_exemplo_noticias\noticias_markdown\pf-deflagra-operacao-em-combate-a-crimes-que-geraram-prejuizos-ao-regime-proprio-de-previdencia-social-rpps-do-municipio-de-ji-parana-ro-03c3686f.md","PF deflagra operação em combate a crimes que geraram prejuízos ao Regime Próprio de Previdência Social (RPPS) do Município de Ji-Paraná/RO","Foi dado cumprimento a seis mandados de busca e apreensão, sendo quatro cumpridos em Ji-Paraná e dois em Bertioga/SP, além de ter sido determinada a medida cautelar de sequestro/arresto de bens de investigados","Rondônia | Operação PF","https://www.gov.br/pf/pt-br/assuntos/noticias/2025/08/pf-deflagra-operacao-em-combate-a-crimes-que-geraram-prejuizos-ao-regime-proprio-de-previdencia-social-rpps-do-municipio-de-ji-parana-ro"
"ok","data_exemplo_noticias\noticias_markdown\pf-deflagra-operacao-contra-o-compartilhamento-de-arquivos-contendo-abuso-sexual-infantojuvenil-no-df-0df184ba.md","PF deflagra operação em combate ao abuso sexual infantojuvenil no DF","Na ação, um homem foi preso em flagrante pela prática criminosa","DF | Operação PF | Operação Ártemis | Prisão em flagrante | mandado judicial | Distrito Federal","https://www.gov.br/pf/pt-br/assuntos/noticias/2024/06/pf-deflagra-operacao-contra-o-compartilhamento-de-arquivos-contendo-abuso-sexual-infantojuvenil-no-df"
"ok","data_exemplo_noticias\noticias_markdown\pf-deflagra-operacao-em-combate-ao-crime-de-estelionato-previdenciario-204ad53b.md","PF deflagra operação em combate ao crime de estelionato previdenciário","Foram cumpridos dois mandados de prisão temporária e três de busca e apreensão","Operação PF | São Paulo | Fraude | INSS","https://www.gov.br/pf/pt-br/assuntos/noticias/2023/05/pf-deflagra-operacao-em-combate-ao-crime-de-estelionato-previdenciario"
"ok","data_exemplo_noticias\noticias_markdown\pf-deflagra-operacao-em-quatro-estados-para-combate-de-lavagem-de-dinheiro-oriundo-do-trafico-dd4c4b40.md","PF deflagra operação em quatro estados para combate de lavagem de dinheiro oriundo do tráfico","A investigação já conta com 30 (trinta) denunciados e visa desestruturar grupo que movimentou mais de R$ 100 milhões","Operação PF | Fim do Mundo | Rio de Janeiro | Destaque","https://www.gov.br/pf/pt-br/assuntos/noticias/2023/01/pf-deflagra-operacao-em-quatro-estados-para-combate-de-lavagem-de-dinheiro-oriundo-do-trafico"
"ok","data_exemplo_noticias\noticias_markdown\pf-deflagra-operacao-emoji-triste-contra-abuso-sexual-infantil-5e2eb4fd.md","PF deflagra operação Emoji Triste contra abuso sexual infantil","Crimes eram cometidos em redes sociais","Bahia | Operação PF","https://www.gov.br/pf/pt-br/assuntos/noticias/2024/09/pf-deflagra-operacao-emoji-triste-contra-abuso-sexual-infantil"
"ok","data_exemplo_noticias\noticias_markdown\pf-deflagra-operacao-fosfeno-no-amapa-para-investigar-empresa-de-publicidade-057cf1f0.md","PF deflagra Operação Fosfeno no Amapá para investigar empresa de publicidade","A empresa teria firmado contratos de prestação de serviços de campanha eleitoral.","Polícia Federal | Operação PF | Amapá | Destaque","https://www.gov.br/pf/pt-br/assuntos/noticias/2021/11/pf-deflagra-operacao-fosfeno-no-amapa-para-investigar-empresa-de-publicidade"
"ok","data_exemplo_noticias\noticias_markdown\pf-deflagra-operacao-jacunda-em-combate-a-crimes-ambientais-fdced0ce.md","PF deflagra Operação Jacundá em combate a crimes ambientais","Durante a fiscalização, foram identificados e verificados os danos decorrentes desmatamento criminoso, além do aumento das áreas afetadas por essa atividade ilícita","Rondônia | Operação PF","https://www.gov.br/pf/pt-br/assuntos/noticias/2024/09/pf-deflagra-operacao-jacunda-em-combate-a-crimes-ambientais"
"ok","data_exemplo_noticias\noticias_markdown\pf-deflagra-operacao-maleficus-para-desarticular-grupo-criminoso-especializado-em-trafico-de-drogas-no-rj-fb13f1f4.md","PF deflagra Operação Maleficus para desarticular grupo criminoso especializado em tráfico de drogas no RJ","Durante as investigações foram presas 40 pessoas em flagrante e com elas apreendidas armas e drogas.","Operação PF | Destaque | Polícia Federal | Rio de Janeiro | tráfico de drogas","https://www.gov.br/pf/pt-br/assuntos/noticias/2021/05/pf-deflagra-operacao-maleficus-para-desarticular-grupo-criminoso-especializado-em-trafico-de-drogas-no-rj"
"ok","data_exemplo_noticias\noticias_markdown\pf-deflagra-operacao-nao-seja-um-laranja-b5c512a6.md","PF deflagra Operação Não Seja um Laranja","Policiais cumprem mandados de busca e apreensão em sete estados para combater fraudes bancárias eletrônicas","Distrito Federal | Operação PF | Destaque | Não Seja um Laranja","https://www.gov.br/pf/pt-br/assuntos/noticias/2024/11/pf-deflagra-operacao-nao-seja-um-laranja"
"ok","data_exemplo_noticias\noticias_markdown\pf-deflagra-operacao-oasis-14-para-combater-fraudes-bancarias-84084abf.md","PF deflagra Operação Oasis 14 para combater fraudes bancárias","Foram cumpridos dois mandados de busca e apreensão, expedidos pela 2ª Vara Federal Criminal de Niterói","Operação PF | Polícia Federal | Rio de Janeiro","https://www.gov.br/pf/pt-br/assuntos/noticias/2024/05/pf-deflagra-operacao-oasis-14-para-combater-fraudes-bancarias"
"ok","data_exemplo_noticias\noticias_markdown\pf-deflagra-operacao-onda-certa-no-rio-de-janeiro-e2857b0e.md","PF deflagra Operação Onda Certa no Rio de Janeiro","Estações de rádio clandestinas foram desativadas nos municípios fluminenses de Resende e Itatiaia","Operação PF | Destaque | Rádio clandestina","https://www.gov.br/pf/pt-br/assuntos/noticias/2021/03/pf-deflagra-operacao-onda-certa-no-rio-de-janeiro"
"ok","data_exemplo_noticias\noticias_markdown\pf-deflagra-operacao-para-apurar-homicidio-de-menor-indigena-8418f625.md","PF deflagra operação para apurar homicídio de menor indígena","Foram expedidos três mandados de prisão preventiva e outros cinco de busca e apreensão, com apoio da Polícia Civil da Bahia para o cumprimento","Operação PF | Bahia | Homicídio | Indígena","https://www.gov.br/pf/pt-br/assuntos/noticias/2022/10/pf-deflagra-operacao-para-apurar-homicidio-de-menor-indigena"
"ok","data_exemplo_noticias\noticias_markdown\pf-deflagra-operacao-para-apurar-venda-de-decisoes-judiciais-489477ce.md","PF deflagra operação para apurar venda de decisões judiciais","Mandados judiciais são cumpridos em Mato Grosso, Pernambuco e no Distrito Federal","Distrito Federal | Operação PF | Destaque","https://www.gov.br/pf/pt-br/assuntos/noticias/2024/11/pf-deflagra-operacao-para-apurar-venda-de-decisoes-judiciais"
"ok","data_exemplo_noticias\noticias_markdown\pf-deflagra-operacao-para-coibir-exercicio-ilegal-da-atividade-de-seguranca-32c108b3.md","PF deflagra operação para coibir exercício ilegal da atividade de segurança privada","Operação Segurança Legal III ocorre simultaneamente em todo o país para coibir o exercício ilegal da atividade de segurança privada, seja por empresas irregulares, seja por pessoas não capacitadas","Operação PF | Destaque","https://www.gov.br/pf/pt-br/assuntos/noticias/2019/03/pf-deflagra-operacao-para-coibir-exercicio-ilegal-da-atividade-de-seguranca"
"ok","data_exemplo_noticias\noticias_markdown\pf-deflagra-operacao-para-combater-desmatamento-ilegal-em-rondonia-aeed0e31.md","PF deflagra operação para combater desmatamento ilegal em Rondônia","Foram verificados indícios de que as madeiras encontradas no pátio das empresas fiscalizadas foram extraídas ilegalmente da Floresta Nacional do Jamari, Unidade de Conservação Federal","Operação PF | Polícia Federal | Rondônia","https://www.gov.br/pf/pt-br/assuntos/noticias/2024/04/pf-deflagra-operacao-para-combater-desmatamento-ilegal-em-rondonia"
"ok","data_exemplo_noticias\noticias_markdown\pf-deflagra-operacao-para-combater-desvios-de-recursos-publicos-em-ro-693ba125.md","PF deflagra operação para combater desvios de recursos públicos em RO","Foram cumpridos 15 mandados de busca e apreensão em oito municípios do estado; estima-se que o dano causado ultrapasse os R$ 5 milhões","Operação PF | Desvio de Recursos | Rondônia","https://www.gov.br/pf/pt-br/assuntos/noticias/2023/06/pf-deflagra-operacao-para-combater-desvios-de-recursos-publicos-em-ro"
"ok","data_exemplo_noticias\noticias_markdown\pf-deflagra-operacao-para-recuperar-recursos-desviados-em-aquisicao-de-respiradores-3625c8e6.md","PF deflagra operação para recuperar recursos desviados em aquisição de respiradores","Policiais federais cumprem 34 mandados de busca e apreensão em quatro estados","Brasília | Operação PF | Destaque | Operação Cianose | Consórcio Interestadual de Desenvolvimento Sustentável do Nordeste | Consórcio Nordeste | Destaque | Distrito Federal","https://www.gov.br/pf/pt-br/assuntos/noticias/2024/08/pf-deflagra-operacao-para-recuperar-recursos-desviados-em-aquisicao-de-respiradores"
"ok","data_exemplo_noticias\noticias_markdown\pf-deflagra-operacao-relutante-em-combate-a-extracao-e-comercializacao-ilegal-de-madeiras-no-ma-aee1a173.md","PF deflagra Operação Relutante em combate à extração e comercialização ilegal de madeiras no MA","A operação é a continuidade das operações Arrabalde e Kambõ Urucum, deflagradas em julho de 2023","MA | Operação PF | extração ilegal | mandados judiciais | Prisão | Maranhão","https://www.gov.br/pf/pt-br/assuntos/noticias/2024/05/pf-deflagra-operacao-relutante-em-combate-a-extracao-e-comercializacao-ilegal-de-madeiras-no-ma"
"ok","data_exemplo_noticias\noticias_markdown\pf-deflagra-operacao-saude-eleitoral-em-brasilia-e-na-regiao-metropolitana-do-rio-de-janeiro-e4a2a013.md","PF deflagra Operação Saúde Eleitoral em Brasília e na Região Metropolitana do Rio de Janeiro","Centenas de agendamentos para consultas médicas, no âmbito do SUS, foram realizados por indivíduos que captavam as vagas para pessoas de seu interesse em troca de apoio político e votos nas eleições de 2024","Rio de Janeiro | Operação PF | Destaque","https://www.gov.br/pf/pt-br/assuntos/noticias/2025/01/pf-deflagra-operacao-saude-eleitoral-em-brasilia-e-na-regiao-metropolitana-do-rio-de-janeiro"
"ok","data_exemplo_noticias\noticias_markdown\pf-deflagra-operacao-verticilo-para-combater-fraudes-previdenciarias-8034bde3.md","PF deflagra Operação Verticilo para combater fraudes previdenciárias","PF investiga suspeito de cometer fraudes em pedido de benefício previdenciário.","Operação PF | Polícia Federal | Pará | crimes previdenciários","https://www.gov.br/pf/pt-br/assuntos/noticias/2021/11/pf-deflagra-operacao-verticilo-para-combater-fraudes-previdenciarias"
"ok","data_exemplo_noticias\noticias_markdown\pf-deflagra-operacoes-para-combater-crimes-eleitorais-no-acre-fa07d654.md","PF deflagra operações para combater crimes eleitorais no Acre","Foram cumpridos dois mandados de busca e apreensão","Acre | Operação PF","https://www.gov.br/pf/pt-br/assuntos/noticias/2024/10/pf-deflagra-operacoes-para-combater-crimes-eleitorais-no-acre"
"ok","data_exemplo_noticias\noticias_markdown\pf-deflagrou-a-operacao-expresso-155-de-combate-trafico-de-drogas-interestadual-ef5d071b.md","PF deflagrou a Operação Expresso 155 de combate tráfico de drogas interestadual","A ação contou com o apoio do GEFROM/MT, da FICCO/Uberaba e da PM/PA","Operação PF | Flagrante | Tráfico interestadual de drogas","https://www.gov.br/pf/pt-br/assuntos/noticias/2021/03/pf-deflagrou-a-operacao-expresso-155-de-combate-trafico-de-drogas-interestadual"
"ok","data_exemplo_noticias\noticias_markdown\pf-desarticula-esquema-criminoso-de-falsificacao-de-diplomas-no-amapa-1b63d86e.md","PF desarticula esquema criminoso de falsificação de diplomas no Amapá","Polícia Federal deflagra segunda fase da Operação Upgrade no Amapá para investigar grupo envolvido em falsificação e venda de diplomas","Operação PF | Amapá | falsificação de diplomas | Operação Upgrade | Polícia Federal","https://www.gov.br/pf/pt-br/assuntos/noticias/2020/07-noticias-de-julho-de-2020/pf-desarticula-esquema-criminoso-de-falsificacao-de-diplomas-no-amapa"
"ok","data_exemplo_noticias\noticias_markdown\pf-desarticula-esquema-de-fraude-previdenciaria-em-aracaju-se-a991d7a6.md","PF desarticula esquema de fraude previdenciária em Aracaju/SE","Operação Atestado Viciado cumpre mandado de busca na capital sergipana","Operação PF | Fraude | Sergipe","https://www.gov.br/pf/pt-br/assuntos/noticias/2026/04/pf-desarticula-esquema-de-fraude-previdenciaria-em-aracaju-se"
"ok","data_exemplo_noticias\noticias_markdown\pf-desarticula-fraude-em-vestibular-online-de-medicina-6b53101d.md","PF desarticula fraude em vestibular online de medicina","São cumpridos 27 mandados de busca para apurar esquema criminoso em quatro estados","Pará | Operação PF | Destaque","https://www.gov.br/pf/pt-br/assuntos/noticias/2024/10/pf-desarticula-fraude-em-vestibular-online-de-medicina"
"ok","data_exemplo_noticias\noticias_markdown\pf-desarticula-grupo-criminoso-especializado-em-fraude-previdenciaria-6cc26c44.md","PF desarticula grupo criminoso especializado em fraude previdenciária","Ao todo, 5 mandados de busca e apreensão foram cumpridos em Teresina/PI","Operação PF | Piauí","https://www.gov.br/pf/pt-br/assuntos/noticias/2026/02/pf-desarticula-grupo-criminoso-especializado-em-fraude-previdenciaria"
"ok","data_exemplo_noticias\noticias_markdown\pf-desarticula-grupo-responsavel-por-roubo-a-deposito-no-porto-seco-3494b3bb.md","PF desarticula grupo responsável por roubo a depósito no porto seco","Grupo armado invadiu depósito da Receita Federal e roubou carga de cigarros apreendidos na Operação Tavares","Operação PF | RS | Roubo | Porto Seco","https://www.gov.br/pf/pt-br/assuntos/noticias/2023/04/pf-desarticula-grupo-responsavel-por-roubo-a-deposito-no-porto-seco"
"ok","data_exemplo_noticias\noticias_markdown\pf-desarticula-organizacao-criminosa-que-lavou-4-bilhoes-de-reais-fda61f9c.md","PF desarticula organização criminosa que lavou 4 bilhões de reais","PF deflagra as Operações Sucessão e Fluxo Capital para desarticular esquemas bilionários de tráfico de drogas e lavagem de dinheiro do tráfico.","Polícia Federal | Operação PF | Paraná | tráfico de drogas | lavagem de dinheiro | Destaque","https://www.gov.br/pf/pt-br/assuntos/noticias/2022/02/pf-desarticula-organizacao-criminosa-que-lavou-4-bilhoes-de-reais"
"ok","data_exemplo_noticias\noticias_markdown\pf-divulga-balanco-da-operacao-horus-no-para-cdc37eb8.md","PF divulga balanço da Operação Hórus no Pará","A ação ocorreu entre os dias 18 a 29 de outubro no Pará","Operação PF | Balanço","https://www.gov.br/pf/pt-br/assuntos/noticias/2021/10/pf-divulga-balanco-da-operacao-horus-no-para"
"ok","data_exemplo_noticias\noticias_markdown\pf-e-anatel-deflagram-operacao-onda-livre-iii-contra-radios-clandestinas-7258dc70.md","PF e Anatel deflagram Operação Onda Livre III contra rádios clandestinas","A ação resultou no fechamento de duas rádios clandestinas que operavam em Resende e Volta Redonda, além da prisão em flagrante de um homem que era responsável por uma das rádios","Operação PF | Polícia Federal | Rio de Janeiro","https://www.gov.br/pf/pt-br/assuntos/noticias/2024/10/pf-e-anatel-deflagram-operacao-onda-livre-iii-contra-radios-clandestinas"
"ok","data_exemplo_noticias\noticias_markdown\pf-e-anatel-fecham-duas-radios-clandestinas-4b3ebbdd.md","PF e ANATEL fecham duas rádios clandestinas","Rádios operavam em Resende e Vassouras, estado do Rio de Janeiro","Rio de Janeiro | Operação PF","https://www.gov.br/pf/pt-br/assuntos/noticias/2024/11/pf-e-anatel-fecham-duas-radios-clandestinas"
"ok","data_exemplo_noticias\noticias_markdown\pf-e-bpfron-realizam-apreensao-de-drogas-e-prendem-dois-criminosos-no-parana-91b011a7.md","PF e BPFRON realizam apreensão de drogas e prendem dois criminosos no Paraná","Ação ocorreu durante fiscalização no âmbito da Operação Protetor","Operação PF | Polícia Federal | BPFron | Paraná","https://www.gov.br/pf/pt-br/assuntos/noticias/2025/11/pf-e-bpfron-realizam-apreensao-de-drogas-e-prendem-dois-criminosos-no-parana"
"ok","data_exemplo_noticias\noticias_markdown\pf-prende-em-flagrante-dois-homens-por-trafico-de-animais-silvestres-em-mg-7fb5f533.md","PF e BPMA realizam prisões em flagrante por tráfico de animais silvestres","Operação Semana Santa 2026 apreendeu aves silvestres com anilhas adulteradas em Minas Gerais","Operação PF | Aves | Tráfico de animais | Minas Gerais","https://www.gov.br/pf/pt-br/assuntos/noticias/2026/04/pf-prende-em-flagrante-dois-homens-por-trafico-de-animais-silvestres-em-mg"
"ok","data_exemplo_noticias\noticias_markdown\pf-deflagra-operacao-de-combate-a-desvio-de-recursos-publicos-fraude-em-licitacao-e-lavagem-de-dinheiro-2d00f6f6.md","PF e CGU deflagram operação de combate a desvio de recursos públicos, fraude em licitação e lavagem de dinheiro","Foram cumpridos 18 mandados judiciais","Operação PF | Acre | Desvio de recursos públicos | Fraude em licitação | Lavagem de dinheiro | Acre","https://www.gov.br/pf/pt-br/assuntos/noticias/2024/09/pf-deflagra-operacao-de-combate-a-desvio-de-recursos-publicos-fraude-em-licitacao-e-lavagem-de-dinheiro"
"ok","data_exemplo_noticias\noticias_markdown\pf-e-ftsp-rr-combatem-trafico-de-drogas-em-roraima-d0051f6d.md","PF e FTSP/RR combatem tráfico de drogas em Roraima","Segunda fase da operação Mente de Colmeia cumpre cinco mandados de busca e apreensão e três de prisão no estado","RR | Operação PF | Tráfico de drogas","https://www.gov.br/pf/pt-br/assuntos/noticias/2023/07/pf-e-ftsp-rr-combatem-trafico-de-drogas-em-roraima"
"ok","data_exemplo_noticias\noticias_markdown\pf-e-gaeco-deflagraram-operacao-em-combate-a-venda-ilegal-de-armas-e-municoes-abd9f577.md","PF e GAECO deflagraram operação em combate à venda ilegal de armas e munições","São cumpridos 20 mandados de prisão preventiva e 33 mandados de busca e apreensão nos estados da Bahia, Pernambuco e Alagoas","Bahia | Operação PF | GAECO | Destaque","https://www.gov.br/pf/pt-br/assuntos/noticias/2024/05/pf-e-gaeco-deflagraram-operacao-em-combate-a-venda-ilegal-de-armas-e-municoes"
"ok","data_exemplo_noticias\noticias_markdown\pf-e-icmbio-deflagram-operacao-nos-lencois-maranhenses-3fe3bb29.md","PF e ICMBio combatem crimes ambientais e ameaças a servidores no Maranhão","Operação Vormir reprime crimes ambientais, ameaças a servidores, tráfico de drogas e ocupações ilegais no Parque Nacional dos Lençóis Maranhenses","Maranhão | Lençois Maranhenses | Operação PF","https://www.gov.br/pf/pt-br/assuntos/noticias/2026/03/pf-e-icmbio-deflagram-operacao-nos-lencois-maranhenses"
"ok","data_exemplo_noticias\noticias_markdown\pf-e-icmbio-combatem-pesca-ilegal-no-parque-nacional-do-iguacu-453ff8a4.md","PF e ICMBio combatem pesca ilegal no Parque Nacional do Iguaçu","A ação tem como objetivo intensificar o combate à pesca ilegal na região, além de preservar a fauna aquática e os recursos naturais do Parque","Operação PF | Polícia Federal | Paraná","https://www.gov.br/pf/pt-br/assuntos/noticias/2024/10/pf-e-icmbio-combatem-pesca-ilegal-no-parque-nacional-do-iguacu"
"ok","data_exemplo_noticias\noticias_markdown\pf-e-mprj-investigam-organizacao-criminosa-no-rj-70089f02.md","PF e MPRJ investigam milícia no RJ","A ação visa desarticular núcleo político da milícia com atuação na Zona Oeste do Rio.","RJ | Operação PF | Destaque | Rio de Janeiro","https://www.gov.br/pf/pt-br/assuntos/noticias/2023/12/pf-e-mprj-investigam-organizacao-criminosa-no-rj"
"ok","data_exemplo_noticias\noticias_markdown\pf-e-pgr-cumprem-30-mandados-de-busca-e-apreensao-bea13f89.md","PF e PGR cumprem 30 mandados de busca e apreensão","Servidores da Justiça Estadual do Pará são alvos de investigação","Operação PF | Quem Indica | Pará","https://www.gov.br/pf/pt-br/assuntos/noticias/2022/08/pf-e-pgr-cumprem-30-mandados-de-busca-e-apreensao"
"ok","data_exemplo_noticias\noticias_markdown\pf-e-pm-rj-deflagram-operacao-contra-trafico-interestadual-de-drogas-b6496e33.md","PF e PM/RJ deflagram operação contra tráfico interestadual de drogas","Mandados são cumpridos em SP e RJ a partir de apreensão de 70 kg de entorpecentes na Via Dutra.","Operação PF | tráfico de drogas | São Paulo","https://www.gov.br/pf/pt-br/assuntos/noticias/2025/06/pf-e-pm-rj-deflagram-operacao-contra-trafico-interestadual-de-drogas"
"ok","data_exemplo_noticias\noticias_markdown\pf-e-pm-sc-deflagram-operacao-para-combater-grupo-suspeito-de-furtar-agencias-bancarias-em-sc-50c63ca0.md","PF e PM/SC deflagram operação para combater grupo suspeito de furtar agências bancárias em SC","São cumpridos quatro mandados de busca e apreensão e três mandados de prisão em Joinville","Operação PF | Santa Catarina | Furto | Santa Catarina","https://www.gov.br/pf/pt-br/assuntos/noticias/2024/11/pf-e-pm-sc-deflagram-operacao-para-combater-grupo-suspeito-de-furtar-agencias-bancarias-em-sc"
"ok","data_exemplo_noticias\noticias_markdown\pf-e-pmpr-realizam-operacao-conjunta-contra-abuso-sexual-infantojuvenil-em-foz-do-iguacu-bbb76337.md","PF e PMPR realizam operação conjunta contra abuso sexual infantojuvenil em Foz do Iguaçu","A operação tem como objetivo combater crimes de abuso sexual infantojuvenil, o armazenamento e o compartilhamento das imagens ilícitas provenientes desses abusos","Operação PF | Polícia Federal | Paraná","https://www.gov.br/pf/pt-br/assuntos/noticias/2024/11/pf-e-pmpr-realizam-operacao-conjunta-contra-abuso-sexual-infantojuvenil-em-foz-do-iguacu"
"ok","data_exemplo_noticias\noticias_markdown\pf-e-receita-federal-combatem-lavagem-de-dinheiro-decorrente-do-contrabando-de-cigarros-841f7c8e.md","PF e Receita Federal combatem lavagem de dinheiro decorrente do contrabando de cigarros","Foi movimentado, com a lavagem de dinheiro, valor em torno de R$ 6 milhões","São Paulo | Operação PF | Lavagem de Dinheiro | Contrabando | Destaque","https://www.gov.br/pf/pt-br/assuntos/noticias/2023/12/pf-e-receita-federal-combatem-lavagem-de-dinheiro-decorrente-do-contrabando-de-cigarros"
"ok","data_exemplo_noticias\noticias_markdown\pf-e-receita-federal-fazem-operacao-para-combater-o-contrabando-de-aparelhos-celulares-e-acessorios-89c90b64.md","PF e Receita Federal fazem operação para combater o contrabando de aparelhos celulares e acessórios","Os investigados responderão pelos crimes de contrabando e associação criminosa, cujas penas máximas somadas podem chegar a oito anos de reclusão","Santa Catarina | Operação PF | Celulares | Receita Federal","https://www.gov.br/pf/pt-br/assuntos/noticias/2024/02/pf-e-receita-federal-fazem-operacao-para-combater-o-contrabando-de-aparelhos-celulares-e-acessorios"
"ok","data_exemplo_noticias\noticias_markdown\pf-e-rf-atuam-no-combate-ao-comercio-de-cigarros-eletronicos-b886a991.md","PF e RF atuam no combate ao comércio de cigarros eletrônicos","Os investigados responderão pelo crime de contrabando, cuja pena máxima alcança cinco anos de reclusão","Paraná | Operação PF | Contrabando | Vape","https://www.gov.br/pf/pt-br/assuntos/noticias/2024/02/pf-e-rf-atuam-no-combate-ao-comercio-de-cigarros-eletronicos"
"ok","data_exemplo_noticias\noticias_markdown\pf-e-senad-iniciam-41a-fase-da-operacao-nova-alianca-8f4a15c0.md","PF e SENAD iniciam 41ª fase da Operação Nova Aliança","Objetivo é reprimir o tráfico de drogas e combater crimes ambientais em áreas de proteção ambiental e de povos originários","Distrito Federal | Operação PF | Nova Aliança | SENAD | Destaque","https://www.gov.br/pf/pt-br/assuntos/noticias/2023/11/pf-e-senad-iniciam-41a-fase-da-operacao-nova-alianca"
"ok","data_exemplo_noticias\noticias_markdown\pf-e-senad-py-iniciam-52a-fase-de-operacao-voltada-a-erradicacao-de-plantios-ilicitos-de-cannabis-no-mundo-6d355007.md","PF e SENAD/PY iniciam 52ª fase da Operação Nova Aliança","Operação Nova Aliança consolida-se como a maior ação internacional voltada à erradicação de plantios ilícitos de Cannabis no mundo","Operação PF | Cooperação | Internacional | Distrito Federal","https://www.gov.br/pf/pt-br/assuntos/noticias/2025/09/pf-e-senad-py-iniciam-52a-fase-de-operacao-voltada-a-erradicacao-de-plantios-ilicitos-de-cannabis-no-mundo"
"ok","data_exemplo_noticias\noticias_markdown\pf-em-sao-paulo-iniciara-a-12a-fase-da-operacao-horizonte-3eaea965.md","PF em São Paulo iniciará a 12ª Fase da Operação Horizonte","Migrantes e refugiados em situação de vulnerabilidade têm apoio para se regularizar","São Paulo | Operação PF","https://www.gov.br/pf/pt-br/assuntos/noticias/2024/11/pf-em-sao-paulo-iniciara-a-12a-fase-da-operacao-horizonte"
"ok","data_exemplo_noticias\noticias_markdown\pf-faz-operacao-contra-abuso-sexual-infantojuvenil-em-mato-grosso-fab2568e.md","PF faz operação contra abuso sexual infantojuvenil em Mato Grosso","Os policiais federais cumprem um mandado de busca e apreensão, expedido pela 2ª Vara Criminal de Lucas de Rio Verde","Mato Grosso | Operação PF","https://www.gov.br/pf/pt-br/assuntos/noticias/2024/12/pf-faz-operacao-contra-abuso-sexual-infantojuvenil-em-mato-grosso"
"ok","data_exemplo_noticias\noticias_markdown\pf-faz-operacao-contra-abuso-sexual-infantojuvenil-no-rio-de-janeiro-9428822d.md","PF faz operação contra abuso sexual infantojuvenil no Rio de Janeiro","O investigado é suspeito de aliciar menores em redes sociais usando perfis infantis falsos. Ele foi preso em flagrante por armazenar conteúdo com cenas de abuso sexual infantojuvenil","Rio de Janeiro | Operação PF","https://www.gov.br/pf/pt-br/assuntos/noticias/2025/11/pf-faz-operacao-contra-abuso-sexual-infantojuvenil-no-rio-de-janeiro"
"ok","data_exemplo_noticias\noticias_markdown\pf-faz-operacao-contra-o-trafico-de-drogas-no-acre-000fb392.md","PF faz operação contra o tráfico de drogas no Acre","Dois mandados judiciais de busca e apreensão foram cumpridos.","Operação PF | tráfico de drogas | Acre","https://www.gov.br/pf/pt-br/assuntos/noticias/2025/11/pf-faz-operacao-contra-o-trafico-de-drogas-no-acre"
"ok","data_exemplo_noticias\noticias_markdown\pf-deflagra-operacao-para-desarticular-organizacao-criminosa-especializada-em-descaminho-e-lavagem-de-dinheiro-93bdf2bf.md","PF faz operação contra organização voltada ao descaminho e lavagem de dinheiro","Ação cumpre mandados em Araçatuba e São Paulo e resulta em prisão em flagrante, apreensão de veículos, armas, mercadorias e criptoativos","Operação PF | Araçatuba | São Paulo","https://www.gov.br/pf/pt-br/assuntos/noticias/2025/09/pf-deflagra-operacao-para-desarticular-organizacao-criminosa-especializada-em-descaminho-e-lavagem-de-dinheiro"
"ok","data_exemplo_noticias\noticias_markdown\pf-fecha-cinco-garimpos-ilegais-de-ouro-no-nordeste-do-para-42d132d7.md","PF fecha cinco garimpos ilegais de ouro no nordeste do Pará","Com apoio do Ibama, operação cumpriu dois mandados de busca e apreensão e inutilizou máquinas em Cachoeira do Piriá/PA","Operação PF | Polícia Federal | Pará","https://www.gov.br/pf/pt-br/assuntos/noticias/2025/09/pf-fecha-cinco-garimpos-ilegais-de-ouro-no-nordeste-do-para"
"ok","data_exemplo_noticias\noticias_markdown\pf-identifica-rede-de-seguranca-privada-irregular-em-santa-catarina-1b07002d.md","PF identifica rede de segurança privada irregular em Santa Catarina","Investigações apontam falsificação de documentos, atuação clandestina em eventos e indícios de posse ilegal de arma de fogo","Santa Catarina | Operação PF","https://www.gov.br/pf/pt-br/assuntos/noticias/2026/02/pf-identifica-rede-de-seguranca-privada-irregular-em-santa-catarina"
"ok","data_exemplo_noticias\noticias_markdown\pf-identifica-suspeito-de-ameacar-servidores-de-instituto-federal-b629243c.md","PF identifica suspeito de ameaçar servidores de Instituto Federal","Operação Guardião cumpriu ainda mandado de busca e apreensão em Bacabal/MA","Operação PF | IFMA | Identificação Ameaça | Maranhão","https://www.gov.br/pf/pt-br/assuntos/noticias/2023/06/pf-identifica-suspeito-de-ameacar-servidores-de-instituto-federal"
"ok","data_exemplo_noticias\noticias_markdown\pf-inicia-atividades-no-centro-de-comando-e-controle-no-amazonas-62d03540.md","PF inicia atividades no Centro de Comando e Controle no Amazonas","Começo das ações foi marcado pela Operação Internacional Green Justice","Amazonas | Operação PF | CCC | Destaque","https://www.gov.br/pf/pt-br/assuntos/noticias/2024/07/pf-inicia-atividades-no-centro-de-comando-e-controle-no-amazonas"
"ok","data_exemplo_noticias\noticias_markdown\pf-investiga-a-pratica-do-contrabando-de-cigarros-na-regiao-metropolitana-de-sao-luis-ma-2b7540f4.md","PF investiga a prática do contrabando de cigarros na região metropolitana de São Luís/MA","Operação Manduca cumpre cinco mandados de busca e apreensão","Operação PF | Destaque | Contrabando de cigarros","https://www.gov.br/pf/pt-br/assuntos/noticias/2020/10-noticias-de-outubro-de-2020/pf-investiga-a-pratica-do-contrabando-de-cigarros-na-regiao-metropolitana-de-sao-luis-ma"
"ok","data_exemplo_noticias\noticias_markdown\pf-investiga-alistamento-eleitoral-fraudulento-1acc0308.md","PF investiga alistamento eleitoral fraudulento","Policiais cumpriram dois mandados judiciais de busca e apreensão no município de Várzea Grande/MT. Os mandados foram expedidos pela 20ª Zona Eleitoral","Mato Grosso | Operação PF","https://www.gov.br/pf/pt-br/assuntos/noticias/2024/10/pf-investiga-alistamento-eleitoral-fraudulento"
"ok","data_exemplo_noticias\noticias_markdown\pf-investiga-assassinato-de-indigenas-na-terra-yanomami-em-roraima-6602b48e.md","PF investiga assassinato de indígenas na Terra Yanomami em Roraima","PF apura envolvimento de garimpeiros ilegais em duplo homicídio de indígenas.","Operação PF | Roraima | Destaque | terras indígenas | assassinato de indígenas | Terra Yanomami | Polícia Federal","https://www.gov.br/pf/pt-br/assuntos/noticias/2020/10-noticias-de-outubro-de-2020/pf-investiga-assassinato-de-indigenas-na-terra-yanomami-em-roraima"
"ok","data_exemplo_noticias\noticias_markdown\pf-investiga-associacao-por-oferecer-seguro-ilegal-64ca0b41.md","PF investiga associação por oferecer seguro ilegal","Apurou-se que essa associação faturou mais de R$ 650 milhões nos últimos cinco anos","Operação PF | Seguro Ilegal | MG","https://www.gov.br/pf/pt-br/assuntos/noticias/2023/07/pf-investiga-associacao-por-oferecer-seguro-ilegal"
"ok","data_exemplo_noticias\noticias_markdown\pf-investiga-comercio-ilegal-de-armas-de-fogo-339fac2f.md","PF investiga comércio ilegal de armas de fogo","Operação contou com apoio de militares do Exército Brasileiro","Operação PF | RJ | Comércio Ilegal | Armas de fogo","https://www.gov.br/pf/pt-br/assuntos/noticias/2023/02/pf-investiga-comercio-ilegal-de-armas-de-fogo"
"ok","data_exemplo_noticias\noticias_markdown\pf-investiga-crime-de-corrupcao-eleitoral-no-tocantins-82bc760c.md","PF investiga crime de corrupção eleitoral no Tocantins","Foram cumpridos dois mandados de busca e apreensão em Palmas","Operação PF | Tocantins","https://www.gov.br/pf/pt-br/assuntos/noticias/2026/01/pf-investiga-crime-de-corrupcao-eleitoral-no-tocantins"
"ok","data_exemplo_noticias\noticias_markdown\pf-investiga-crimes-de-abuso-sexual-infantil-praticados-pela-internet-7c704789.md","PF investiga crimes de abuso sexual infantil praticados pela internet","Foram cumpridos dois mandados de busca e apreensão nas cidades de Campina Grande e João Pessoa.","Operação PF | abuso sexual infantil | Paraíba","https://www.gov.br/pf/pt-br/assuntos/noticias/2024/04/pf-investiga-crimes-de-abuso-sexual-infantil-praticados-pela-internet"
"ok","data_exemplo_noticias\noticias_markdown\pf-investiga-crimes-de-abuso-sexual-infantil-praticados-via-internet-0dae6b0f.md","PF investiga crimes de abuso sexual infantil praticados via internet","Trata-se da 8ª fase da Operação Rescue","Paraíba | Operação PF","https://www.gov.br/pf/pt-br/assuntos/noticias/2024/07/pf-investiga-crimes-de-abuso-sexual-infantil-praticados-via-internet"
"ok","data_exemplo_noticias\noticias_markdown\pf-investiga-crimes-em-licitacoes-e-contratos-municipais-em-sao-gabriel-rs-3106cbcf.md","PF investiga crimes em licitações e contratos municipais em São Gabriel/RS","Foram cumpridos quatro mandados de busca e apreensão","Operação PF | Rio Grande do Sul","https://www.gov.br/pf/pt-br/assuntos/noticias/2025/11/pf-investiga-crimes-em-licitacoes-e-contratos-municipais-em-sao-gabriel-rs"
"ok","data_exemplo_noticias\noticias_markdown\pf-investiga-desvio-de-recursos-publicos-destinado-a-transporte-escolar-5bbbdb05.md","PF investiga desvio de recursos públicos destinado a transporte escolar","Operação Ponto de Parada cumpre 11 mandados judiciais em Manaus/AM","Operação PF | Destaque | Desvio de recursos públicos | Transporte escolar","https://www.gov.br/pf/pt-br/assuntos/noticias/2020/11-noticias-de-novembro-de-2020/pf-investiga-desvio-de-recursos-publicos-destinado-a-transporte-escolar"
"ok","data_exemplo_noticias\noticias_markdown\pf-investiga-desvios-de-encomendas-dos-correios-9c0bf2fb.md","PF investiga desvios de encomendas dos Correios","Dois mandados de busca foram cumpridos","Paraíba | Operação PF | Desvio | Correios","https://www.gov.br/pf/pt-br/assuntos/noticias/2024/05/pf-investiga-desvios-de-encomendas-dos-correios"
"ok","data_exemplo_noticias\noticias_markdown\pf-investiga-desvios-de-recursos-publicos-destinados-a-compra-de-merenda-escolar-171738e3.md","PF investiga desvios de recursos públicos destinados à compra de merenda escolar","PF deflagra as Operações Famintos e Feudos para combater fraudes em licitações e contratos de merenda escolar em municípios paraibanos","Operação PF | PB | Paraíba | merenda escolar | fraudes em licitações | fraudes em contratos | Destaque","https://www.gov.br/pf/pt-br/assuntos/noticias/2019/07/pf-investiga-desvios-de-recursos-publicos-destinados-a-compra-de-merenda-escolar"
"ok","data_exemplo_noticias\noticias_markdown\pf-investiga-esquema-de-fraudes-previdenciarias-e-lavagem-de-capitais-no-piaui-ba5030ce.md","PF investiga esquema de fraudes previdenciárias e lavagem de capitais no Piauí","Polícia Federal deflagra 2ª fase da Operação Senes na cidade de Parnaíba/PI e dá prosseguimento a investigações de grupo criminoso responsável por crimes previdenciários","Operação PF | Destaque | Crimes Previdenciários | Fraudes previdenciárias | Piauí | Parnaíba/PI","https://www.gov.br/pf/pt-br/assuntos/noticias/2020/02-noticias-de-fevereiro-de-2020/pf-investiga-esquema-de-fraudes-previdenciarias-e-lavagem-de-capitais-no-piaui"
"ok","data_exemplo_noticias\noticias_markdown\pf-investiga-estelionato-contra-a-caixa-economica-federal-102a4ca7.md","PF investiga estelionato contra a Caixa Econômica Federal","Operação Obliteração busca evitar novas fraudes e recuperar parte dos valores subtraídos da instituição financeira","Operação PF | Destaque | Estelionato | Caixa Econômica Federal","https://www.gov.br/pf/pt-br/assuntos/noticias/2019/07/pf-investiga-estelionato-contra-a-caixa-economica-federal"
"ok","data_exemplo_noticias\noticias_markdown\pf-investiga-fraude-contra-instituicao-bancaria-ca4f3e58.md","PF investiga fraude contra instituição bancária","Os investigados poderão responder pelos delitos de corrupção ativa, corrupção passiva e crime contra o sistema financeiro nacional","São Paulo | Operação PF | Fraudes bancárias","https://www.gov.br/pf/pt-br/assuntos/noticias/2024/04/pf-investiga-fraude-contra-instituicao-bancaria"
"ok","data_exemplo_noticias\noticias_markdown\pf-investiga-fraude-em-beneficio-previdenciario-em-bom-sucesso-pb-777feca5.md","PF investiga fraude em benefício previdenciário em Bom Sucesso/PB","Foram cumpridos dois mandados de busca e apreensão","Operação PF | Pernambuco | Fraude | Pernambuco","https://www.gov.br/pf/pt-br/assuntos/noticias/2024/11/pf-investiga-fraude-em-beneficio-previdenciario-em-bom-sucesso-pb"
"ok","data_exemplo_noticias\noticias_markdown\pf-investiga-fraude-processual-eab31e56.md","PF investiga fraude processual","Operação Tróia cumpre dois mandados de busca, em Andradas/MG","Operação PF | Destaque | Fraude processual","https://www.gov.br/pf/pt-br/assuntos/noticias/2020/06-noticias-de-junho-de-2020/pf-investiga-fraude-processual"
"ok","data_exemplo_noticias\noticias_markdown\pf-investiga-fraudes-bancarias-ciberneticas-em-imperatriz-ma-bc4693fc.md","PF investiga fraudes bancárias cibernéticas em Imperatriz/MA","O prejuízo apurado passa de dois milhões de reais","Operação PF | Polícia Federal | Fraude | Maranhão","https://www.gov.br/pf/pt-br/assuntos/noticias/2024/05/pf-investiga-fraudes-bancarias-ciberneticas-em-imperatriz-ma"
"ok","data_exemplo_noticias\noticias_markdown\pf-investiga-fraudes-contra-o-sistema-financeiro-nacional-38439485.md","PF investiga fraudes contra o Sistema Financeiro Nacional","Operação Stop desarticula organização criminosa especializada na obtenção fraudulenta de financiamentos","Operação PF | Organização Criminosa | Fraude contra o Sistema Financeiro | Destaque | Joinville/SC","https://www.gov.br/pf/pt-br/assuntos/noticias/2019/06/pf-investiga-fraudes-contra-o-sistema-financeiro-nacional"
"ok","data_exemplo_noticias\noticias_markdown\pf-investiga-fraudes-em-processos-de-aquisicao-e-porte-de-arma-de-fogo-769848b9.md","PF investiga fraudes em processos de aquisição e porte de arma de fogo","São cumpridos 19 mandados de busca e apreensão em GO, MG e TO","Operação PF | Goiás | Fraudes","https://www.gov.br/pf/pt-br/assuntos/noticias/2024/10/pf-investiga-fraudes-em-processos-de-aquisicao-e-porte-de-arma-de-fogo"
"ok","data_exemplo_noticias\noticias_markdown\pf-investiga-fraudes-na-fiscalizacao-de-obras-em-roraima-d0fa9a6c.md","PF investiga fraudes na fiscalização de obras em Roraima","Foram cumpridos dois mandados de busca e apreensão contra fiscais suspeitos de envolvimento em atividades ilícitas","Operação PF | Polícia Federal | Fraudes | Roraima","https://www.gov.br/pf/pt-br/assuntos/noticias/2025/11/pf-investiga-fraudes-na-fiscalizacao-de-obras-em-roraima"
"ok","data_exemplo_noticias\noticias_markdown\pf-investiga-furto-de-trilhos-de-linha-ferrea-pertencente-ao-dnit-cda3a8c4.md","PF investiga furto de trilhos de linha férrea pertencente ao DNIT","PF deflagra Operação Railway em Campos dos Goytacazes/RJ","Polícia Federal | Operação PF | Rio de Janeiro","https://www.gov.br/pf/pt-br/assuntos/noticias/2021/11/pf-investiga-furto-de-trilhos-de-linha-ferrea-pertencente-ao-dnit"
"ok","data_exemplo_noticias\noticias_markdown\pf-investiga-grupo-criminoso-especializado-em-trafico-de-drogas-em-roraima-4a8f9e9f.md","PF investiga grupo criminoso especializado em tráfico de drogas em Roraima","PF deflagra a Operação Alerquina para desarticular grupo que atuava em Boa Vista/RR.","Operação PF | Polícia Federal | Destaque | tráfico de drogas | Roraima","https://www.gov.br/pf/pt-br/assuntos/noticias/2021/10/pf-investiga-grupo-criminoso-especializado-em-trafico-de-drogas-em-roraima"
"ok","data_exemplo_noticias\noticias_markdown\pf-investiga-grupo-criminoso-que-teria-movimentado-r-6-bilhoes-nos-ultimos-5-anos-bca305cf.md","PF investiga grupo criminoso que teria movimentado R$ 6 bilhões nos últimos 5 anos","Investigação concentra-se em fintechs usadas na prática criminosa","São Paulo | Operação PF | Destaque | Campinas","https://www.gov.br/pf/pt-br/assuntos/noticias/2024/11/pf-investiga-grupo-criminoso-que-teria-movimentado-r-6-bilhoes-nos-ultimos-5-anos"
"ok","data_exemplo_noticias\noticias_markdown\pf-investiga-grupo-criminoso-responsavel-pela-movimentacao-ilicita-de-ouro-em-roraima-5974b177.md","PF investiga grupo criminoso responsável pela movimentação ilícita de ouro em Roraima","Operação La Cadena investiga esquema criminoso para introduzir ouro no Brasil.","Operação PF | Polícia Federal | Destaque | Roraima","https://www.gov.br/pf/pt-br/assuntos/noticias/2021/10/pf-investiga-grupo-criminoso-responsavel-pela-movimentacao-ilicita-de-ouro-em-roraima"
"ok","data_exemplo_noticias\noticias_markdown\pf-investiga-grupo-por-furtos-a-depositos-em-dinheiro-feitos-na-cef-d32a40a4.md","PF investiga grupo por furtos a depósitos em dinheiro feitos na CEF","Algumas das ações foram registradas por câmeras de monitoramento que flagraram os criminosos “pescando” os envelopes de dentro dos terminais de autoatendimento.","Operação PF | ES | CEF | Furto","https://www.gov.br/pf/pt-br/assuntos/noticias/2023/04/pf-investiga-grupo-por-furtos-a-depositos-em-dinheiro-feitos-na-cef"
"ok","data_exemplo_noticias\noticias_markdown\pf-investiga-grupo-que-aplicava-golpes-contra-correntistas-da-caixa-economica-federal-54617c13.md","PF investiga grupo que aplicava golpes contra correntistas da Caixa Econômica Federal","Operação Trinca de três cumpre quatro mandados em busca em quatro cidades da Paraíba","Operação PF | Destaque | Fraude bancária","https://www.gov.br/pf/pt-br/assuntos/noticias/2020/07-noticias-de-julho-de-2020/pf-investiga-grupo-que-aplicava-golpes-contra-correntistas-da-caixa-economica-federal"
"ok","data_exemplo_noticias\noticias_markdown\pf-investiga-organizacao-criminosa-responsavel-por-fraudes-em-licitacoes-33c756dd.md","PF investiga organização criminosa responsável por fraudes em licitações","PF deflagra Operação Goyazes para investigar esquema de fraudes que provocou prejuízo de R$ 6 milhões aos cofres públicos","Operação PF | Tocantins | fraudes em licitações | Destaque","https://www.gov.br/pf/pt-br/assuntos/noticias/2020/04-noticias-de-abril-de-2020/pf-investiga-organizacao-criminosa-responsavel-por-fraudes-em-licitacoes"
"ok","data_exemplo_noticias\noticias_markdown\pf-investiga-suspeita-de-irregularidades-em-campanha-eleitoral-de-partido-em-minas-gerais-8283b28e.md","PF investiga suspeita de irregularidades em campanha eleitoral de partido em Minas Gerais","PF deflagra Operação Sufrágio Ostentação e apura irregularidades em aplicação de recursos em campanhas eleitorais femininas mineiras","Operação PF | MG | campanha eleitoral | Destaque","https://www.gov.br/pf/pt-br/assuntos/noticias/2019/04/pf-investiga-suspeita-de-irregularidades-em-campanha-eleitoral-de-partido-em-minas-gerais"
"ok","data_exemplo_noticias\noticias_markdown\pf-investiga-suspeito-de-compartilhamento-de-imagens-pornograficas-envolvendo-menores-no-para-0547f7c6.md","PF investiga suspeito de compartilhamento de imagens pornográficas envolvendo menores no Pará","Os trabalhos de investigação foram iniciados com base em notícia apresentada pela Guardia Civil Española, em 2014.","Operação PF | Pará | ECA | Pornografia infantil","https://www.gov.br/pf/pt-br/assuntos/noticias/2020/06-noticias-de-junho-de-2020/pf-investiga-suspeito-de-compartilhamento-de-imagens-pornograficas-envolvendo-menores-no-para"
"ok","data_exemplo_noticias\noticias_markdown\pf-mira-extracao-ilegal-de-areia-em-terra-indigena-b6131760.md","PF mira extração ilegal de areia em terra indígena","Foram cumpridos dois mandados de busca e apreensão na cidade de Baía da Traição/PB","Paraíba | Operação PF","https://www.gov.br/pf/pt-br/assuntos/noticias/2025/08/pf-mira-extracao-ilegal-de-areia-em-terra-indigena"
"ok","data_exemplo_noticias\noticias_markdown\pf-mira-lavagem-de-dinheiro-de-organizacao-criminosa-condenada-por-megafraude-tributaria-dffd36e1.md","PF mira lavagem de dinheiro de organização criminosa condenada por megafraude tributária","Ação é desdobramento de investigação que apura ocultação de valores provenientes de fraudes tributárias","Operação PF | Polícia Federal | Minas Gerais","https://www.gov.br/pf/pt-br/assuntos/noticias/2025/10/pf-mira-lavagem-de-dinheiro-de-organizacao-criminosa-condenada-por-megafraude-tributaria"
"ok","data_exemplo_noticias\noticias_markdown\pf-mira-organizacao-que-introduziu-ilegalmente-no-pais-armas-de-grosso-calibre-a617c780.md","PF mira organização que introduziu ilegalmente no país armas de grosso calibre","Operação Cavalo de Aço também investiga os crimes de lavagem de dinheiro e organização criminosa","Operação PF | Cavalo de Aço | MS | MG","https://www.gov.br/pf/pt-br/assuntos/noticias/2023/02/pf-mira-organizacao-que-introduziu-ilegalmente-no-pais-armas-de-grosso-calibre"
"ok","data_exemplo_noticias\noticias_markdown\pf-prende-alvo-da-operacao-fake-no-centro-do-rio-de-janeiro-1b59a829.md","PF prende alvo da Operação Fake no Centro do Rio de Janeiro","O homem possuía dois mandados de prisão abertos em seu nome","Operação PF | RJ | Fraude | Prisão | Mandado judicial | Rio de Janeiro","https://www.gov.br/pf/pt-br/assuntos/noticias/2024/08/pf-prende-alvo-da-operacao-fake-no-centro-do-rio-de-janeiro"
"ok","data_exemplo_noticias\noticias_markdown\pf-prende-cacador-que-divulgava-em-redes-sociais-crimes-ambientais-praticados-em-parque-nacional-no-piaui-991d7c2d.md","PF prende caçador que divulgava em redes sociais crimes ambientais no Piauí","O homem registrava e compartilhava imagens de caça ilegal de animais silvestres praticados em Parque Nacional","Operação PF | Teresina | Piauí","https://www.gov.br/pf/pt-br/assuntos/noticias/2025/08/pf-prende-cacador-que-divulgava-em-redes-sociais-crimes-ambientais-praticados-em-parque-nacional-no-piaui"
"ok","data_exemplo_noticias\noticias_markdown\pf-prende-homem-pelo-crime-de-descaminho-em-sp-f8d4d173.md","PF prende homem pelo crime de descaminho em SP","Na ação, foram cumpridos dois mandados de busca e apreensão","SP | Descaminho | Operação PF | Prisão | Mandados judiciais | São Paulo","https://www.gov.br/pf/pt-br/assuntos/noticias/2024/03/pf-prende-homem-pelo-crime-de-descaminho-em-sp"
"ok","data_exemplo_noticias\noticias_markdown\pf-prende-homem-por-posse-de-material-de-abuso-sexual-infantojuvenil-9e0cf5a4.md","PF prende homem por posse de material de abuso sexual infantojuvenil","Na ação, foram apreendidos cinco HDs e quatro aparelhos celulares que serão analisados no setor de perícias da Polícia Federal","Operação PF | São Paulo | Abuso sexual infantojuvenil","https://www.gov.br/pf/pt-br/assuntos/noticias/2024/10/pf-prende-homem-por-posse-de-material-de-abuso-sexual-infantojuvenil"
"ok","data_exemplo_noticias\noticias_markdown\pf-prende-investigado-em-flagrante-em-operacao-contra-material-de-abuso-infantil-na-internet-4eccfc36.md","PF prende investigado em flagrante em operação contra material de abuso infantil na internet","Operação Vale dos Ventos II cumpre mandado de busca e apreensão em Estância/SE","Operação PF | abuso sexual infantil | Sergipe","https://www.gov.br/pf/pt-br/assuntos/noticias/2024/09/pf-prende-investigado-em-flagrante-em-operacao-contra-material-de-abuso-infantil-na-internet"
"ok","data_exemplo_noticias\noticias_markdown\pf-prende-seis-pessoas-por-comercializacao-ilegal-de-ouro-durante-operacao-no-pa-0a3a6421.md","PF prende seis pessoas por comercialização ilegal de ouro durante operação no PA","Durante a operação Bruciato II, foram cumpridos 16 mandados de busca e apreensão e seis mandados de prisão preventiva","PA | Operação PF | comercialização ilegal de ouro | mandados judicial | prisão | Pará","https://www.gov.br/pf/pt-br/assuntos/noticias/2024/09/pf-prende-seis-pessoas-por-comercializacao-ilegal-de-ouro-durante-operacao-no-pa"
"ok","data_exemplo_noticias\noticias_markdown\pf-prende-suspeita-de-produzir-e-compartilhar-material-de-abuso-sexual-infantojuvenil-bdbbe016.md","PF prende suspeita de produzir e de compartilhar material de abuso sexual infantojuvenil","A investigada é suspeita de abusar sexualmente das próprias filhas e de compartilhar mídias contendo cenas dos abusos em aplicativos de mensagens e na Dark Web","Operação PF | Abuso sexual infantojuveil | Rio de Janeiro","https://www.gov.br/pf/pt-br/assuntos/noticias/2026/03/pf-prende-suspeita-de-produzir-e-compartilhar-material-de-abuso-sexual-infantojuvenil"
"ok","data_exemplo_noticias\noticias_markdown\pf-prende-suspeito-de-participar-de-diversos-assaltos-a-agencias-dos-correios-no-es-b0fe48e4.md","PF prende suspeito de participar de diversos assaltos a agências dos Correios no ES","Preso também responde por crime de homicídio","Operação PF | Destaque | Assalto aos Correios","https://www.gov.br/pf/pt-br/assuntos/noticias/2020/07-noticias-de-julho-de-2020/pf-prende-suspeito-de-participar-de-diversos-assaltos-a-agencias-dos-correios-no-es"
"ok","data_exemplo_noticias\noticias_markdown\pf-prende-tres-por-contra-fraude-em-auxilio-emergencial-e6206cd0.md","PF prende três por contra fraude em Auxílio Emergencial","A operação contou com o apoio da FICCO/GO e da Polícia Militar de Goiás","Operação PF | Goiás | Fraude | Auxílio Energencial","https://www.gov.br/pf/pt-br/assuntos/noticias/2023/05/pf-prende-tres-por-contra-fraude-em-auxilio-emergencial"
"ok","data_exemplo_noticias\noticias_markdown\pf-promove-erradicacao-de-mais-de-350-mil-pes-de-maconha-no-maranhao-60c9d8a2.md","PF promove erradicação de mais de 350 mil pés de maconha no Maranhão","PF deflagra Operação Muçambê III para promover a erradicação de cultivos ilícitos de maconha.","Operação PF | Maranhão | erradicação de plantações de maconha | reserva indígena | Operação Muçambê | Destaque | Polícia Federal","https://www.gov.br/pf/pt-br/assuntos/noticias/2020/08-noticias-de-agosto-de-2020/pf-promove-erradicacao-de-mais-de-350-mil-pes-de-maconha-no-maranhao"
"ok","data_exemplo_noticias\noticias_markdown\pf-rastreia-internautas-que-distribuiam-imagens-pornograficas-de-criancas-na-internet-1ea19e94.md","PF rastreia internautas que distribuíam imagens pornográficas de crianças na internet","Operação Auxilium investiga pessoas envolvidas com distribuição de imagens pornográficas envolvendo crianças e adolescentes na internet","Operação PF | Espírito Santo | pornografia infantil | Destaque","https://www.gov.br/pf/pt-br/assuntos/noticias/2019/11/pf-rastreia-internautas-que-distribuiam-imagens-pornograficas-de-criancas-na-internet"
"ok","data_exemplo_noticias\noticias_markdown\pf-realiza-operacao-contra-o-trafico-de-drogas-e-de-armas-de-fogo-ad580906.md","PF realiza operação contra o tráfico de drogas e de armas de fogo","O grupo criminoso agia nos estados de Mato Grosso do Sul, São Paulo, Rio de Janeiro, Paraná e Espírito Santo.","Operação PF | tráfico de drogas | organização criminosa | Mato Grosso do Sul","https://www.gov.br/pf/pt-br/assuntos/noticias/2024/04/pf-realiza-operacao-contra-o-trafico-de-drogas-e-de-armas-de-fogo"
"ok","data_exemplo_noticias\noticias_markdown\pf-realiza-operacao-de-combate-a-crimes-eleitorais-no-interior-de-sp-16b84d24.md","PF realiza operação de combate a crimes eleitorais no interior de SP","Foram cumpridos três mandados de busca e apreensão, no município de Dolcinópolis/SP.","Operação PF | São Paulo | Crimes Eleitorais","https://www.gov.br/pf/pt-br/assuntos/noticias/2025/01/pf-realiza-operacao-de-combate-a-crimes-eleitorais-no-interior-de-sp"
"ok","data_exemplo_noticias\noticias_markdown\pf-realiza-operacao-voo-livre-v-no-rio-grande-do-sul-a6c6f35e.md","PF realiza Operação Voo Livre V no Rio Grande do Sul","Operação tem como objetivo combater eventuais ocorrências de atos ilícitos e garantir a segurança nos voos no aeroporto, em Santa Maria/RS","Operação PF | Polícia Federal | Rio Grande do Sul","https://www.gov.br/pf/pt-br/assuntos/noticias/2025/11/pf-realiza-operacao-voo-livre-v-no-rio-grande-do-sul"
"ok","data_exemplo_noticias\noticias_markdown\pf-realiza-prisao-em-flagrante-na-execucao-de-operacao-contra-garimpo-ilegal-em-roraima-12452f1e.md","PF realiza prisão em flagrante na execução de operação contra garimpo ilegal em Roraima","Com um dos suspeitos, foram encontrados vários aparelhos eletrônicos que seriam ilegalmente comercializados","Roraima | Operação PF | Prisão","https://www.gov.br/pf/pt-br/assuntos/noticias/2024/04/pf-realiza-prisao-em-flagrante-na-execucao-de-operacao-contra-garimpo-ilegal-em-roraima"
"ok","data_exemplo_noticias\noticias_markdown\pf-prende-investigado-por-abuso-sexual-infantojuvenil-em-sao-jose-dos-campos-sp-190220b5.md","PF realiza prisão por abuso sexual infantojuvenil em São José dos Campos/SP","Operação Guardiões da Esperança cumpre mandado de busca e apreensão, expedido pela 1ª Vara Federal de São José dos Campos/SP; suspeito foi preso em flagrante","Operação PF | Abuso sexual infantojuvenil | São Paulo","https://www.gov.br/pf/pt-br/assuntos/noticias/2026/03/pf-prende-investigado-por-abuso-sexual-infantojuvenil-em-sao-jose-dos-campos-sp"
"ok","data_exemplo_noticias\noticias_markdown\pf-reprime-atuacao-de-empresas-que-oferecem-seguros-sem-a-devida-autorizacao-legal-ab7b80c1.md","PF reprime atuação de empresas que oferecem seguros sem a devida autorização legal","Operação “Seguro Pirata” cumpre 16 medidas judiciais","Operação PF | Seguros | Paraíba","https://www.gov.br/pf/pt-br/assuntos/noticias/2023/06/pf-reprime-atuacao-de-empresas-que-oferecem-seguros-sem-a-devida-autorizacao-legal"
"ok","data_exemplo_noticias\noticias_markdown\pf-reprime-crimes-previdenciarios-no-piaui-2c8f7de6.md","PF reprime crimes previdenciários no Piauí","Esquema criminoso fazia uso do nome de pessoas já falecidas para obtenção de vantagens ilícitas","Operação PF | Piauí | Crimes previdenciários","https://www.gov.br/pf/pt-br/assuntos/noticias/2024/06/pf-reprime-crimes-previdenciarios-no-piaui"
"ok","data_exemplo_noticias\noticias_markdown\pf-reprime-crimes-relacionados-a-abuso-sexual-infantojuvenil-em-sergipe-b9e02358.md","PF reprime crimes relacionados a abuso sexual infantojuvenil em Sergipe","Operação Panoptes V cumpre mandado de busca e apreensão em Aracaju","Operação PF | Aracaju | Sergipe","https://www.gov.br/pf/pt-br/assuntos/noticias/2025/09/pf-reprime-crimes-relacionados-a-abuso-sexual-infantojuvenil-em-sergipe"
"ok","data_exemplo_noticias\noticias_markdown\pf-reprime-falsificacao-de-documentos-publicos-1e382fe9.md","PF reprime falsificação de documentos públicos","Há indícios de falsificação de documentos para residência de estrangeiros no Brasil","Operação PF | Acre | Falsificação de Documentos","https://www.gov.br/pf/pt-br/assuntos/noticias/2022/08/pf-reprime-falsificacao-de-documentos-publicos"
"ok","data_exemplo_noticias\noticias_markdown\pf-deflagra-operacao-de-repressao-a-importacao-ilegal-de-mercadorias-estrangeiras-6344f63f.md","PF reprime importação ilegal de bebidas","Nova fase da Operação Vasum apura a venda de bebidas importadas ilegalmente para distribuidoras de MG, PR e SP.","Operação PF | importação ilegal | Rio Grande do Sul","https://www.gov.br/pf/pt-br/assuntos/noticias/2024/04/pf-deflagra-operacao-de-repressao-a-importacao-ilegal-de-mercadorias-estrangeiras"
"ok","data_exemplo_noticias\noticias_markdown\pf-em-acao-conjunta-deflagrou-a-operacao-festa-branca-em-rondonia-d6ff7835.md","PF, em ação conjunta, deflagrou a Operação Festa Branca em Rondônia","Duas pessoas foram presas em flagrante","Operação PF | Destaque | Tráfico de drogas","https://www.gov.br/pf/pt-br/assuntos/noticias/2021/01/pf-em-acao-conjunta-deflagrou-a-operacao-festa-branca-em-rondonia"
"ok","data_exemplo_noticias\noticias_markdown\pf-ibama-e-icmbio-deflagram-operacao-para-coibir-a-pesca-ilegal-de-camarao-em-angra-dos-reis-rj-0021632e.md","PF, IBAMA e ICMBio deflagram operação para coibir a pesca ilegal de camarão em Angra dos Reis/RJ","Ao todo, foram apreendidos 9 kg de camarão","Operação PF | Destaque | Pesca ilegal","https://www.gov.br/pf/pt-br/assuntos/noticias/2022/04/pf-ibama-e-icmbio-deflagram-operacao-para-coibir-a-pesca-ilegal-de-camarao-em-angra-dos-reis-rj"
"ok","data_exemplo_noticias\noticias_markdown\pf-pc-e-prf-deflagram-operacao-em-combate-ao-trafico-de-drogas-d5987612.md","PF, PC e PRF deflagram operação em combate ao Tráfico de Drogas","A investigação é um desdobramento da apreensão de drogas ocorrida na semana passada no Rio de Janeiro","Operação PF | Porto Seguro | Bahia","https://www.gov.br/pf/pt-br/assuntos/noticias/2025/08/pf-pc-e-prf-deflagram-operacao-em-combate-ao-trafico-de-drogas"
"ok","data_exemplo_noticias\noticias_markdown\pf-ce-combate-compartilhamento-de-conteudo-sexual-infantojuvenil-2d06b77a.md","PF/CE combate compartilhamento de conteúdo sexual infantojuvenil","O mandado de busca e apreensão foi expedido pela Justiça Federal e cumprido por policiais federais no município de São Gonçalo do Amarante/CE","Operação PF | Polícia Federal | Ceará","https://www.gov.br/pf/pt-br/assuntos/noticias/2025/05/pf-ce-combate-compartilhamento-de-conteudo-sexual-infantojuvenil"
"ok","data_exemplo_noticias\noticias_markdown\policia-federal-age-em-cooperacao-com-outras-agencias-de-seguranca-e-prende-bando-que-atuava-no-rn-2e1a0136.md","Polícia Federal age em cooperação com outras agências de segurança e prende bando que atuava no RN","Força-Tarefa de Combate ao Crime Organizado prende bando que aterrorizava localidades do interior do estado","Destaque | Operação PF | Rio Grande do Norte | ORCRIM","https://www.gov.br/pf/pt-br/assuntos/noticias/2020/03-noticias-de-marco-de-2020/policia-federal-age-em-cooperacao-com-outras-agencias-de-seguranca-e-prende-bando-que-atuava-no-rn"
"ok","data_exemplo_noticias\noticias_markdown\policia-federal-apura-associacao-criminosa-que-liberava-indevidamente-veiculos-apreendidos-pela-prf-b644e27d.md","Polícia Federal apura associação criminosa que liberava indevidamente veículos apreendidos pela PRF","Funcionária de empresa privada recebia valores que deveriam ser destinados ao pagamento de débitos de veículos","Operação PF | Amapá | PRF","https://www.gov.br/pf/pt-br/assuntos/noticias/2023/03/policia-federal-apura-associacao-criminosa-que-liberava-indevidamente-veiculos-apreendidos-pela-prf"
"ok","data_exemplo_noticias\noticias_markdown\policia-federal-combate-crimes-eleitorais-em-oiapoque-96596d4f.md","Polícia Federal combate crimes eleitorais em Oiapoque","Policiais federais cumpriram um mandado de busca e apreensão em Oiapoque","Operação PF | Destaque | Corrupção Eleitoral","https://www.gov.br/pf/pt-br/assuntos/noticias/2021/02/policia-federal-combate-crimes-eleitorais-em-oiapoque"
"ok","data_exemplo_noticias\noticias_markdown\policia-federal-combate-desvio-de-recursos-publicos-destinados-ao-enfrentamento-da-covid-19-no-amapa-56537e7a.md","Polícia Federal combate desvio de recursos públicos destinados ao enfrentamento da Covid-19 no Amapá","Operação Asfixia cumpre cinco ordens judiciais nas cidades de Barueri/SP e Santana do Parnaíba/SP","Operação PF | Destaque | Desvio de recursos públicos | Covid-19","https://www.gov.br/pf/pt-br/assuntos/noticias/2020/12-noticias-de-dezembro-de-2020/policia-federal-combate-desvio-de-recursos-publicos-destinados-ao-enfrentamento-da-covid-19-no-amapa"
"ok","data_exemplo_noticias\noticias_markdown\policia-federal-combate-disseminacao-de-pornografia-infantil-pela-internet-a199b6a0.md","Polícia Federal combate disseminação de pornografia infantil pela internet","Suspeito foi preso em flagrante durante o cumprimento das buscas da Operação Grupo Bloqueado","Operação PF | Destaque | Pornografia infantil","https://www.gov.br/pf/pt-br/assuntos/noticias/2022/02/policia-federal-combate-disseminacao-de-pornografia-infantil-pela-internet"
"ok","data_exemplo_noticias\noticias_markdown\policia-federal-combate-disseminacao-de-pornografia-infanto-juvenil-no-amapa-71ead769.md","Polícia Federal combate disseminação de pornografia infanto-juvenil no Amapá","Operação Jizo cumpre um mandado de prisão e dois de busca em Macapa/AP","Operação PF | Pornografia infantil","https://www.gov.br/pf/pt-br/assuntos/noticias/2020/06-noticias-de-junho-de-2020/policia-federal-combate-disseminacao-de-pornografia-infanto-juvenil-no-amapa"
"ok","data_exemplo_noticias\noticias_markdown\policia-federal-combate-garimpo-na-terra-indigena-yanomami-32dbe1b2.md","Polícia Federal combate garimpo na Terra Indígena Yanomami.","Operação Haraquiri investiga esquema de extração ilegal de minérios.","Operação PF | Destaque | Polícia Federal","https://www.gov.br/pf/pt-br/assuntos/noticias/2021/01/policia-federal-combate-garimpo-na-terra-indigena-yanomami"
"ok","data_exemplo_noticias\noticias_markdown\policia-federal-combate-pornografia-infantojuvenil-6d16f7db.md","Polícia Federal combate pornografia infantojuvenil","Operação Vigília 1 acontece na cidade de Picos/PI e prende homem em flagrante","Operação PF | Piauí | Pornografia Infantil","https://www.gov.br/pf/pt-br/assuntos/noticias/2023/05/policia-federal-combate-pornografia-infantojuvenil"
"ok","data_exemplo_noticias\noticias_markdown\policia-federal-deflagra-2a-fase-da-operacao-ataque-furtivo-58e65f3c.md","Polícia Federal deflagra 2ª fase da Operação Ataque Furtivo","PF investiga quadrilhas especializadas em roubo a agências da Caixa Econômica Federal","Operação PF | Destaque | Roubo | Caixa Econômica Federal","https://www.gov.br/pf/pt-br/assuntos/noticias/2020/06-noticias-de-junho-de-2020/policia-federal-deflagra-2a-fase-da-operacao-ataque-furtivo"
"ok","data_exemplo_noticias\noticias_markdown\policia-federal-deflagra-a-operacao-hardwood-de-combate-ao-desmatamento-82085341.md","Polícia Federal deflagra a operação HARDWOOD de combate ao desmatamento","Estão sendo cumpridos 6 mandados de prisão e 11 de busca e apreensão, no Pará e na Paraíba","Operação PF | Destaque | Desmatamento","https://www.gov.br/pf/pt-br/assuntos/noticias/2022/01/policia-federal-deflagra-a-operacao-hardwood-de-combate-ao-desmatamento"
"ok","data_exemplo_noticias\noticias_markdown\policia-federal-deflagra-a-operacao-lazarus-contra-o-trafico-internacional-de-drogas-no-parana-058e2c07.md","Polícia Federal deflagra a Operação Lazarus contra o tráfico internacional de drogas no Paraná","O carregamento do entorpecente era feito entre as cidade de Pedro Juan Caballero e Ponta Porã/MS e, em seguida, transportada para Curitiba/PR","Operação PF | Destaque | Tráfico internacional de drogas","https://www.gov.br/pf/pt-br/assuntos/noticias/2021/06/policia-federal-deflagra-a-operacao-lazarus-contra-o-trafico-internacional-de-drogas-no-parana"
"ok","data_exemplo_noticias\noticias_markdown\policia-federal-deflagra-a-operacao-olhos-da-rede-2-no-parana-238547f9.md","Polícia Federal deflagra a Operação Olhos da Rede 2 no Paraná","A ação objetiva combater a exploração sexual de crianças e adolescentes","Operação PF | Destaque | Pornografia infantil","https://www.gov.br/pf/pt-br/assuntos/noticias/2022/06/policia-federal-deflagra-a-operacao-olhos-da-rede-2-no-parana"
"ok","data_exemplo_noticias\noticias_markdown\policia-federal-deflagra-a-segunda-fase-da-operacao-outline-9ce4a303.md","Polícia Federal deflagra a segunda fase da Operação Outline","11 Mandados Judiciais são cumpridos em investigação sobre desvios de recursos das obras de recuperação da BR-101 em Pernambuco","Destaque | Operação PF | Pernambuco | ORCRIM | Desvio de recursos públicos","https://www.gov.br/pf/pt-br/assuntos/noticias/2020/05-noticias-de-maio/policia-federal-deflagra-a-segunda-fase-da-operacao-outline"
"ok","data_exemplo_noticias\noticias_markdown\policia-federal-deflagra-operacao-4-patas-no-porto-do-rio-de-janeiro-674290de.md","Polícia Federal deflagra Operação 4 Patas no porto do Rio de Janeiro","Cerca de 3500 pessoas foram vistoriadas por cães farejadores nas áreas de embarque e desembarque do porto","Operação PF | 4 Patas | Porto do RJ","https://www.gov.br/pf/pt-br/assuntos/noticias/2020/01/policia-federal-deflagra-operacao-4-patas-no-porto-do-rio-de-janeiro"
"ok","data_exemplo_noticias\noticias_markdown\policia-federal-deflagra-de-combate-ao-trafico-de-drogas-e-associacao-para-o-trafico-c6502e7e.md","Polícia Federal deflagra Operação de combate ao tráfico de drogas e associação para o tráfico","São cumpridos cinco mandados judiciais","Operação PF | Tráfico | MS","https://www.gov.br/pf/pt-br/assuntos/noticias/2023/03/policia-federal-deflagra-de-combate-ao-trafico-de-drogas-e-associacao-para-o-trafico"
"ok","data_exemplo_noticias\noticias_markdown\policia-federal-deflagra-operacao-de-combate-ao-trafico-internacional-de-drogas-16fe7008.md","Polícia Federal deflagra operação de combate ao tráfico internacional de drogas","Estão sendo cumpridos 5 mandados de busca e um de prisão em cidades baianas","Operação PF | Destaque | Tráfico de drogas","https://www.gov.br/pf/pt-br/assuntos/noticias/2021/04/policia-federal-deflagra-operacao-de-combate-ao-trafico-internacional-de-drogas"
"ok","data_exemplo_noticias\noticias_markdown\policia-federal-deflagra-operacao-de-repressao-ao-trafico-interestadual-de-drogas-por-via-postal-em-tres-lagoas-ms-6ab0ef08.md","Polícia Federal deflagra operação de repressão ao tráfico interestadual de drogas por via postal em Três Lagoas/MS","PF desarticula esquema de venda de ecstasy por meio de encomendas postais.","Operação PF | Polícia Federal | Destaque | Mato Grosso do Sul","https://www.gov.br/pf/pt-br/assuntos/noticias/2021/05/policia-federal-deflagra-operacao-de-repressao-ao-trafico-interestadual-de-drogas-por-via-postal-em-tres-lagoas-ms"
"ok","data_exemplo_noticias\noticias_markdown\policia-federal-deflagra-operacao-double-key-2-em-pernambuco-4cdb1343.md","Polícia Federal deflagra Operação Double Key 2 em Pernambuco","Ações visam desarticular organização criminosa voltada ao tráfico internacional de pessoas","Operação PF | Polícia Federal | Tráfico internacional de pessoas | Pernambuco","https://www.gov.br/pf/pt-br/assuntos/noticias/2025/12/policia-federal-deflagra-operacao-double-key-2-em-pernambuco"
"ok","data_exemplo_noticias\noticias_markdown\policia-federal-deflagra-operacao-double-key-contra-trafico-internacional-de-pessoas-para-exploracao-sexual-e13826a0.md","Polícia Federal deflagra Operação Double Key contra tráfico internacional de pessoas para exploração sexual","Investigação resgatou pernambucana que estava sendo mantida em cárcere privado em hotel de Myanmar","Operação PF | Polícia Federal | Pernambuco","https://www.gov.br/pf/pt-br/assuntos/noticias/2025/06/policia-federal-deflagra-operacao-double-key-contra-trafico-internacional-de-pessoas-para-exploracao-sexual"
"ok","data_exemplo_noticias\noticias_markdown\policia-federal-deflagra-operacao-falsas-frequencias-em-campos-dos-goytacazes-rj-f0c637a9.md","Polícia Federal deflagra Operação Falsas Frequências em Campos dos Goytacazes/RJ","Duas pessoas foram presas em flagrante e sete rádios clandestinas foram desativadas","Operação PF | Destaque | Rádio Clandestina","https://www.gov.br/pf/pt-br/assuntos/noticias/2021/11/policia-federal-deflagra-operacao-falsas-frequencias-em-campos-dos-goytacazes-rj"
"ok","data_exemplo_noticias\noticias_markdown\policia-federal-deflagra-operacao-fo-m2019ale-ii-em-desdobramento-de-investigacao-sobre-promocao-de-migracao-ilegal-em-corumba-ms-da62ff51.md","Polícia Federal deflagra Operação FO M’ALE II em desdobramento de investigação sobre promoção de migração ilegal em Corumbá/MS","PF investiga novo grupo criminoso que estaria explorando a lacuna deixada pelo grupo investigado na primeira ação","Operação PF | Destaque | Migração ilegal","https://www.gov.br/pf/pt-br/assuntos/noticias/2021/12/policia-federal-deflagra-operacao-fo-m2019ale-ii-em-desdobramento-de-investigacao-sobre-promocao-de-migracao-ilegal-em-corumba-ms"
"ok","data_exemplo_noticias\noticias_markdown\policia-federal-deflagra-operacao-nino-seguro-de-combate-a-disseminacao-de-pornografia-infantil-1a24bd67.md","Polícia Federal deflagra Operação Niño Seguro de combate à disseminação de pornografia infantil","A investigação é resultado de cooperação internacional entre a Polícia do Peru e a Polícia Federal","Operação PF | Destaque | Pornografia infantil","https://www.gov.br/pf/pt-br/assuntos/noticias/2022/08/policia-federal-deflagra-operacao-nino-seguro-de-combate-a-disseminacao-de-pornografia-infantil"
"ok","data_exemplo_noticias\noticias_markdown\policia-federal-deflagra-operacao-para-combater-furtos-a-instituicoes-bancarias-50df5fcb.md","Polícia Federal deflagra operação para combater furtos a instituições bancárias","Operação PAYBACK cumpre mandados de busca e de prisão em três estados","Operação PF | Destaque | Organização criminosa | Furto a bancos","https://www.gov.br/pf/pt-br/assuntos/noticias/2020/09-Noticias-de-setembro-de-2020/policia-federal-deflagra-operacao-para-combater-furtos-a-instituicoes-bancarias"
"ok","data_exemplo_noticias\noticias_markdown\policia-federal-deflagra-operacao-para-desarticular-grupo-responsavel-pelo-financiamento-de-roubos-a-instituicoes-financeiras-dbe64bee.md","Polícia Federal deflagra operação para desarticular grupo responsável pelo financiamento de roubos a instituições financeiras","Estão sendo cumpridas 22 ordens judiciais em cidades do Paraná e de São Paulo","Operação PF | Destaque | Roubo","https://www.gov.br/pf/pt-br/assuntos/noticias/2022/06/policia-federal-deflagra-operacao-para-desarticular-grupo-responsavel-pelo-financiamento-de-roubos-a-instituicoes-financeiras"
"ok","data_exemplo_noticias\noticias_markdown\policia-federal-deflagra-operacao-parcela-baiana-contra-fraudes-ao-auxilio-emergencial-faf5f663.md","Polícia Federal deflagra Operação Parcela Baiana contra fraudes ao auxílio emergencial","Aproximadamente 90 contas do Auxílio Emergencial foram fraudadas, resultando num prejuízo superior a R$ 90 mil","Operação PF | Destaque | Fraudes | Auxílio emergencial","https://www.gov.br/pf/pt-br/assuntos/noticias/2021/11/policia-federal-deflagra-operacao-parcela-baiana-contra-fraudes-ao-auxilio-emergencial"
"ok","data_exemplo_noticias\noticias_markdown\policia-federal-deflagra-segunda-fase-da-operacao-arauto-11d54f02.md","Polícia Federal deflagra segunda fase da Operação Arauto","PF investiga grupo criminoso especializado em fraudes a processos licitatórios em São Luís/MA","Operação PF | Destaque | Fraude a licitações","https://www.gov.br/pf/pt-br/assuntos/noticias/2019/10/policia-federal-deflagra-segunda-fase-da-operacao-arauto"
"ok","data_exemplo_noticias\noticias_markdown\policia-federal-deflagra-segunda-fase-da-operacao-fusarium-986c3d71.md","Polícia Federal deflagra segunda fase da Operação Fusarium","Foram erradicados mais de 138 mil pés de maconha","Operação PF | Destaque | Erradicação de maconha","https://www.gov.br/pf/pt-br/assuntos/noticias/2021/10/policia-federal-deflagra-segunda-fase-da-operacao-fusarium"
"ok","data_exemplo_noticias\noticias_markdown\policia-federal-desarticula-grupo-criminoso-responsavel-pelo-extravio-de-encomendas-dos-correios-103db758.md","Polícia Federal desarticula grupo criminoso responsável pelo extravio de encomendas dos Correios","PF deflagra segunda fase da Operação Extravios para investigar esquema criminoso que provocou prejuízos de mais de R$ 500 mil aos Correios.","Polícia Federal | Operação PF | Tocantins | Destaque | Correios","https://www.gov.br/pf/pt-br/assuntos/noticias/2021/11/policia-federal-desarticula-grupo-criminoso-responsavel-pelo-extravio-de-encomendas-dos-correios"
"ok","data_exemplo_noticias\noticias_markdown\policia-federal-desarticula-organizacao-criminosa-voltada-para-o-trafico-de-drogas-e-fabricacao-de-cedulas-falsas-8105151d.md","Polícia Federal desarticula organização criminosa voltada para o tráfico de drogas e fabricação de cédulas falsas","Os investigados são integrantes de uma organização criminosa que atua na região de Ji-Paraná","Operação PF | Destaque | Organização criminosa | Tráfico de drogas | Moeda falsa","https://www.gov.br/pf/pt-br/assuntos/noticias/2021/03/policia-federal-desarticula-organizacao-criminosa-voltada-para-o-trafico-de-drogas-e-fabricacao-de-cedulas-falsas"
"ok","data_exemplo_noticias\noticias_markdown\policia-federal-desmobiliza-garimpo-que-poluia-rios-46789cf1.md","Polícia Federal desmobiliza garimpo que poluía rios","Atividade ilegal prejudicou água que abastece Parauapebas","Operação PF | Destaque | Crime ambiental | Extração ilegal de minério","https://www.gov.br/pf/pt-br/assuntos/noticias/2022/08/policia-federal-desmobiliza-garimpo-que-poluia-rios"
"ok","data_exemplo_noticias\noticias_markdown\policia-federal-e-bope-pi-prendem-suspeitos-de-arrombamentos-a-caixas-eletronicos-170bd07c.md","Polícia Federal e BOPE/PI prendem suspeitos de arrombamentos a caixas eletrônicos","As prisões foram realizadas em Teresina durante a Operação Muros Baixos.","Operação PF | caixas eletrônicos | Destaque | Piauí","https://www.gov.br/pf/pt-br/assuntos/noticias/2025/03/policia-federal-e-bope-pi-prendem-suspeitos-de-arrombamentos-a-caixas-eletronicos"
"ok","data_exemplo_noticias\noticias_markdown\policia-federal-e-bpfron-combatem-contrabando-de-cigarros-no-lago-de-itaipu-pr-3d6633be.md","Polícia Federal e BPFRON combatem contrabando de cigarros no Lago de Itaipu/PR","Foram apreendidos 10.000 cigarros estrangeiros e 450 cigarros eletrônicos, além de uma embarcação, um motor e um automóvel","Operação PF | Polícia Federal | Contrabando | Cigarros | Paraná","https://www.gov.br/pf/pt-br/assuntos/noticias/2025/12/policia-federal-e-bpfron-combatem-contrabando-de-cigarros-no-lago-de-itaipu-pr"
"ok","data_exemplo_noticias\noticias_markdown\policia-federal-e-cgu-desarticulam-esquema-de-desvio-de-recursos-da-saude-em-salvador-b64fb274.md","Polícia Federal e CGU desarticulam esquema de desvio de recursos da saúde em Salvador","Operação Dia Zero apura fraudes em contratos da área de Tecnologia da Informação na saúde pública municipal","Operação PF | Polícia Federal | Bahia","https://www.gov.br/pf/pt-br/assuntos/noticias/2025/06/policia-federal-e-cgu-desarticulam-esquema-de-desvio-de-recursos-da-saude-em-salvador"
"ok","data_exemplo_noticias\noticias_markdown\policia-federal-e-senad-encerram-mais-uma-fase-da-operacao-nova-alianca-f9104909.md","Polícia Federal e SENAD encerram mais uma fase da Operação Nova Aliança","Durante 12 dias de ações no Paraguai, foram erradicadas mais de mil toneladas de maconha","Operação PF | Nova Aliança | SENAD | Paraguai","https://www.gov.br/pf/pt-br/assuntos/noticias/2023/04/policia-federal-e-senad-encerram-mais-uma-fase-da-operacao-nova-alianca"
"ok","data_exemplo_noticias\noticias_markdown\policia-federal-faz-apreensao-historica-de-madeira-na-divisa-dos-estados-do-para-e-do-amazonas-f1464a73.md","Polícia Federal faz apreensão histórica de madeira na divisa dos estados do Pará e do Amazonas","As investigações, ocorridas após a retenção de uma balsa no Rio Mamuru, levaram às coordenadas geográficas com mais de 131 mil metros cúbicos de toras no Rio Arapiuns","Operação PF | Destaque | Crime ambiental | Extração ilegal de madeira","https://www.gov.br/pf/pt-br/assuntos/noticias/2020/12-noticias-de-dezembro-de-2020/policia-federal-faz-apreensao-historica-de-madeira-na-divisa-dos-estados-do-para-e-do-amazonas"
"ok","data_exemplo_noticias\noticias_markdown\policia-federal-investiga-contratos-para-fornecimento-de-insumos-hospitalares-em-pernambuco-18e13f31.md","Polícia Federal investiga contratos para fornecimento de insumos hospitalares em Pernambuco","Operação Casa de Papel cumpre 35 mandados de busca e apreensão e conta com a participação de 160 policiais federais","Destaque | Operação PF | Pernambuco | Corrupção | Covid-19","https://www.gov.br/pf/pt-br/assuntos/noticias/2020/06-noticias-de-junho-de-2020/policia-federal-investiga-contratos-para-fornecimento-de-insumos-hospitalares-em-pernambuco"
"ok","data_exemplo_noticias\noticias_markdown\policia-federal-investiga-grupo-criminoso-que-atua-dentro-e-fora-do-conjunto-penitenciario-do-estado-do-amapa-8aca2ae2.md","Polícia Federal investiga grupo criminoso que atua dentro e fora do conjunto penitenciário do Estado do Amapá","As investigações apontaram a participação de servidores públicos do sistema prisional no esquema criminoso","Operação PF | Destaque | Tráfico de drogas | Lavagem de dinheiro | Corrupção | Prevaricação | Organização criminosa","https://www.gov.br/pf/pt-br/assuntos/noticias/2022/03/policia-federal-investiga-grupo-criminoso-que-atua-dentro-e-fora-do-conjunto-penitenciario-do-estado-do-amapa"
"ok","data_exemplo_noticias\noticias_markdown\policia-federal-investiga-servidor-da-receita-federal-por-corrupcao-26de0021.md","Polícia Federal investiga servidor da Receita Federal por corrupção","PF deflagra Operação Contrapartida para investigar se suspeito concedia acesso privilegiado a informações restritas à Receita Federal.","Policia Federal | Destaque | Operação PF | Amapá","https://www.gov.br/pf/pt-br/assuntos/noticias/2021/05/policia-federal-investiga-servidor-da-receita-federal-por-corrupcao"
"ok","data_exemplo_noticias\noticias_markdown\policia-federal-monitora-desmatamento-na-t-i-arariboia-09cce132.md","Polícia Federal monitora desmatamento na T.I. Arariboia","Operação Tiara verifica alertas de extração ilegal de madeira e queimadas em área protegida","Operação PF | Polícia Federal | Maranhão","https://www.gov.br/pf/pt-br/assuntos/noticias/2025/10/policia-federal-monitora-desmatamento-na-t-i-arariboia"
"ok","data_exemplo_noticias\noticias_markdown\policia-federal-prende-investigado-por-fraudes-com-criptomoedas-em-desdobramento-da-operacao-poyais-7e9361d9.md","Polícia Federal prende investigado por fraudes com criptomoedas em desdobramento da Operação Poyais","Investigado na primeira fase descumpriu determinações judiciais impostas","Operação PF | Criptomoedas | Paraná","https://www.gov.br/pf/pt-br/assuntos/noticias/2022/11/policia-federal-prende-investigado-por-fraudes-com-criptomoedas-em-desdobramento-da-operacao-poyais"
"ok","data_exemplo_noticias\noticias_markdown\policia-federal-em-acao-integrada-combate-o-trafico-de-drogas-em-governador-valadares-4db66783.md","Polícia Federal, em ação integrada, combate o tráfico de drogas em Governador Valadares","Operação Das Top prende três homens e cumpre cinco mandados de busca","Operação PF | Tráfico de drogas","https://www.gov.br/pf/pt-br/assuntos/noticias/2020/11-noticias-de-novembro-de-2020/policia-federal-em-acao-integrada-combate-o-trafico-de-drogas-em-governador-valadares"
"ok","data_exemplo_noticias\noticias_markdown\queda-da-bastilha-pf-e-gaeco-deflagram-2a-fase-aa0a49e0.md","Queda da Bastilha: PF e GAECO deflagram 2ª Fase","Operação reprime organização criminosa que atua dentro e fora do sistema prisional","Operação PF | Amapá | Gaeco","https://www.gov.br/pf/pt-br/assuntos/noticias/2022/09/queda-da-bastilha-pf-e-gaeco-deflagram-2a-fase"
